name,student_id,age,gender,attendance,scholarship,co_curricular_activities,marks,assignment_submission,debtor,displaced,income,prediction
Aarav,S001,11,Male,95,Yes,Yes,88,Yes,No,No,180000,Low
Ananya,S002,12,Female,92,Yes,Yes,91,Yes,No,No,160000,Low
Rahul,S003,13,Male,68,No,No,45,Half,Yes,Yes,70000,High
Priya,S004,10,Female,85,Yes,Yes,78,Yes,No,No,140000,Low
Mohit,S005,14,Male,74,No,No,55,Half,Yes,No,90000,Medium
Sneha,S006,15,Female,97,Yes,Yes,93,Yes,No,No,220000,Low
Rohan,S007,13,Male,62,No,No,41,No,Yes,Yes,60000,High
Pooja,S008,12,Female,88,Yes,Yes,81,Yes,No,No,170000,Low
Deepak,S009,14,Male,79,No,Yes,64,Half,No,No,120000,Medium
Kiran,S010,11,Female,58,No,No,39,No,Yes,Yes,65000,High
Vikas,S011,15,Male,91,Yes,Yes,87,Yes,No,No,210000,Low
Neha,S012,10,Female,82,Yes,No,72,Yes,No,No,150000,Low
Arjun,S013,13,Male,69,No,Yes,53,Half,Yes,No,95000,Medium
Kavya,S014,12,Female,93,Yes,Yes,90,Yes,No,No,200000,Low
Manoj,S015,14,Male,55,No,No,37,No,Yes,Yes,55000,High
Ritu,S016,11,Female,86,Yes,Yes,80,Yes,No,No,165000,Low
Nitin,S017,15,Male,77,No,Yes,60,Half,No,No,125000,Medium
Suman,S018,13,Female,63,No,No,42,No,Yes,Yes,72000,High
Yash,S019,12,Male,90,Yes,Yes,84,Yes,No,No,195000,Low
Asha,S020,10,Female,81,Yes,No,74,Yes,No,No,145000,Low
Rakesh,S021,14,Male,71,No,No,57,Half,Yes,No,98000,Medium
Komal,S022,11,Female,60,No,No,40,No,Yes,Yes,68000,High
Harsh,S023,15,Male,94,Yes,Yes,89,Yes,No,No,205000,Low
Meena,S024,12,Female,83,Yes,Yes,76,Yes,No,No,155000,Low
Amit,S025,13,Male,73,No,Yes,59,Half,No,No,110000,Medium
Jyoti,S026,14,Female,57,No,No,35,No,Yes,Yes,60000,High
Kunal,S027,11,Male,89,Yes,Yes,82,Yes,No,No,175000,Low
Divya,S028,10,Female,84,Yes,No,79,Yes,No,No,150000,Low
Sahil,S029,15,Male,66,No,No,48,Half,Yes,Yes,75000,High
Rekha,S030,13,Female,78,No,Yes,63,Half,No,No,118000,Medium
Aditya,S031,12,Male,96,Yes,Yes,94,Yes,No,No,230000,Low
Payal,S032,11,Female,87,Yes,Yes,83,Yes,No,No,165000,Low
Gaurav,S033,14,Male,72,No,No,56,Half,Yes,No,92000,Medium
Nisha,S034,13,Female,59,No,No,38,No,Yes,Yes,58000,High
Ravi,S035,15,Male,93,Yes,Yes,90,Yes,No,No,215000,Low
Shreya,S036,12,Female,85,Yes,Yes,77,Yes,No,No,168000,Low
Akash,S037,11,Male,76,No,Yes,61,Half,No,No,115000,Medium
Muskan,S038,10,Female,61,No,No,43,No,Yes,Yes,69000,High
Lokesh,S039,14,Male,92,Yes,Yes,88,Yes,No,No,198000,Low
Tanya,S040,13,Female,80,Yes,No,73,Yes,No,No,152000,Low
Suraj,S041,15,Male,70,No,No,54,Half,Yes,No,97000,Medium
Sapna,S042,12,Female,56,No,No,36,No,Yes,Yes,62000,High
Naveen,S043,11,Male,95,Yes,Yes,92,Yes,No,No,225000,Low
Bhavna,S044,10,Female,86,Yes,Yes,81,Yes,No,No,170000,Low
Vinay,S045,14,Male,75,No,Yes,58,Half,No,No,112000,Medium
Seema,S046,13,Female,64,No,No,46,Half,Yes,Yes,73000,High
Rohit,S047,15,Male,91,Yes,Yes,86,Yes,No,No,208000,Low
Pallavi,S048,12,Female,82,Yes,Yes,75,Yes,No,No,158000,Low
Hemant,S049,11,Male,67,No,No,49,Half,Yes,Yes,76000,High
Geeta,S050,10,Female,79,No,Yes,66,Half,No,No,122000,Medium
Jaya,S076,11,Female,87,Yes,Yes,81,Yes,No,No,175000,Low
Jatin,S077,14,Male,73,No,Yes,60,Half,No,No,118000,Medium
Kalpana,S078,13,Female,58,No,No,40,No,Yes,Yes,65000,High
Kailash,S079,15,Male,94,Yes,Yes,89,Yes,No,No,210000,Low
Laxmi,S080,10,Female,82,Yes,Yes,75,Yes,No,No,160000,Low
Kartik,S081,12,Male,76,No,Yes,63,Half,No,No,125000,Medium
Madhu,S082,14,Female,61,No,No,44,No,Yes,Yes,70000,High
Krishna,S083,13,Male,91,Yes,Yes,87,Yes,No,No,198000,Low
Nandini,S084,11,Female,79,No,Yes,68,Half,No,No,132000,Medium
Mahesh,S085,15,Male,54,No,No,35,No,Yes,Yes,56000,High
Pallavi,S086,12,Female,89,Yes,Yes,84,Yes,No,No,185000,Low
Mukesh,S087,14,Male,74,No,No,58,Half,Yes,No,97000,Medium
Pinki,S088,10,Female,65,No,No,47,Half,Yes,Yes,76000,High
Naveen,S089,13,Male,96,Yes,Yes,93,Yes,No,No,228000,Low
Poonam,S090,15,Female,81,Yes,No,72,Yes,No,No,150000,Low
Nikhil,S091,11,Male,70,No,Yes,57,Half,No,Yes,108000,Medium
Radha,S092,12,Female,57,No,No,38,No,Yes,Yes,61000,High
Omprakash,S093,14,Male,92,Yes,Yes,90,Yes,No,No,205000,Low
Rani,S094,13,Female,78,No,Yes,64,Half,No,No,127000,Medium
Pankaj,S095,15,Male,63,No,No,45,Half,Yes,Yes,73000,High
Reena,S096,10,Female,88,Yes,Yes,82,Yes,No,No,176000,Low
Pradeep,S097,12,Male,75,No,Yes,61,Half,No,No,119000,Medium
Roshni,S098,11,Female,56,No,No,36,No,Yes,Yes,59000,High
Ramesh,S099,13,Male,95,Yes,Yes,91,Yes,No,No,220000,Low
Sakshi,S100,14,Female,83,Yes,Yes,78,Yes,No,No,168000,Low
Naresh,S051,12,Male,87,Yes,No,76,Yes,No,No,148434,Low
Vivek,S052,10,Male,70,No,Yes,56,Half,No,No,126781,Medium
Om,S053,15,Male,61,No,No,38,Half,Yes,Yes,74309,High
Indira,S054,10,Female,67,No,No,37,Half,Yes,Yes,66149,High
Pihu,S055,12,Female,82,Yes,Yes,84,Yes,No,No,182052,Low
Garima,S056,10,Female,76,No,Yes,61,Half,Yes,No,95164,Medium
Ira,S057,14,Female,64,No,No,38,No,Yes,Yes,56501,High
Girish,S058,10,Male,68,No,No,36,Half,Yes,Yes,64108,High
Trisha,S059,12,Female,74,No,Yes,58,Half,Yes,No,94679,Medium
Ajay,S060,11,Male,76,No,No,59,Half,No,No,111252,Medium
Abhishek,S061,10,Male,92,Yes,Yes,80,Yes,No,No,162653,Low
Kajal,S062,13,Female,94,Yes,Yes,76,Yes,No,No,153301,Low
Devendra,S063,14,Male,66,No,No,44,Half,Yes,Yes,74121,High
Sarita,S064,11,Female,95,Yes,Yes,74,Yes,No,No,149371,Low
Dinesh,S065,15,Male,78,No,No,54,Half,Yes,No,120674,Medium
Devika,S066,10,Female,66,No,No,36,Half,Yes,Yes,76003,High
Trisha,S067,13,Female,94,Yes,No,72,Yes,No,No,229329,Low
Sarita,S068,11,Female,69,No,No,36,Half,Yes,Yes,75937,High
Om,S069,11,Male,96,Yes,No,72,Yes,No,No,177487,Low
Esha,S070,12,Female,87,Yes,Yes,73,Yes,No,No,209364,Low
Rajesh,S071,13,Male,97,Yes,Yes,96,Yes,No,No,151828,Low
Bhumika,S072,11,Female,63,No,No,48,Half,Yes,Yes,61940,High
Chirag,S073,13,Male,65,No,No,40,Half,Yes,Yes,71959,High
Nidhi,S074,11,Female,90,Yes,No,72,Yes,No,No,207603,Low
Rajesh,S075,10,Male,80,No,Yes,63,Half,No,No,94417,Medium
Ishaan,S076,10,Male,58,No,No,39,Half,Yes,Yes,62020,High
Rehan,S077,14,Male,62,No,No,38,Half,Yes,Yes,68338,High
Dinesh,S078,15,Male,91,Yes,Yes,85,Yes,No,No,196213,Low
Sameer,S079,15,Male,69,No,No,59,Half,No,No,106295,Medium
Vishal,S080,13,Male,93,Yes,Yes,77,Yes,No,No,195637,Low
Vikram,S081,10,Male,67,No,No,48,No,Yes,Yes,56657,High
Ajay,S082,11,Male,61,No,No,42,Half,Yes,Yes,62004,High
Jaya,S083,11,Female,55,No,No,41,Half,Yes,Yes,69909,High
Varsha,S084,15,Female,79,No,No,64,Half,No,No,102445,Medium
Xitija,S085,10,Female,97,Yes,No,73,Yes,No,No,176104,Low
Ishaan,S086,13,Male,96,Yes,Yes,77,Yes,No,No,201562,Low
Uday,S087,10,Male,56,No,No,45,No,Yes,Yes,68230,High
Naresh,S088,14,Male,64,No,No,44,No,Yes,Yes,75295,High
Rehan,S089,14,Male,77,No,No,58,Half,No,No,110590,Medium
Chirag,S090,11,Male,89,Yes,Yes,86,Yes,No,No,233548,Low
Rehan,S091,14,Male,83,Yes,No,74,Yes,No,No,162938,Low
Nidhi,S092,12,Female,87,Yes,Yes,83,Yes,No,No,155676,Low
Esha,S093,15,Female,64,No,No,47,No,Yes,Yes,76884,High
Riya,S094,10,Female,59,No,No,36,No,Yes,Yes,73128,High
Ashok,S095,14,Male,90,Yes,No,78,Yes,No,No,218130,Low
Mansi,S096,12,Female,70,No,No,63,Half,Yes,No,92889,Medium
Alok,S097,11,Male,88,Yes,No,77,Yes,No,No,192912,Low
Nidhi,S098,10,Female,80,No,Yes,55,Half,Yes,No,126210,Medium
Yogesh,S099,10,Male,74,No,Yes,65,Half,Yes,No,103767,Medium
Jayant,S100,12,Male,77,No,No,66,Half,No,No,105514,Medium
Mukesh,S101,11,Male,55,No,No,37,Half,Yes,Yes,68491,High
Sameer,S102,15,Male,92,Yes,Yes,73,Yes,No,No,164154,Low
Nikhil,S103,13,Male,59,No,No,48,No,Yes,Yes,62304,High
Saurabh,S104,13,Male,73,No,Yes,66,Half,Yes,No,113012,Medium
Gauri,S105,14,Female,69,No,No,54,Half,No,No,107397,Medium
Nikhil,S106,13,Male,90,Yes,No,85,Yes,No,No,202033,Low
Sunil,S107,14,Male,88,Yes,No,73,Yes,No,No,192154,Low
Dhruv,S108,14,Male,80,No,Yes,64,Half,Yes,No,118265,Medium
Zubin,S109,12,Male,60,No,No,45,No,Yes,Yes,64840,High
Kajal,S110,12,Female,80,No,Yes,57,Half,No,No,117554,Medium
Zoya,S111,11,Female,78,No,No,57,Half,No,No,109914,Medium
Yashika,S112,14,Female,90,Yes,Yes,86,Yes,No,No,192954,Low
Ajay,S113,15,Male,79,No,No,54,Half,Yes,No,96120,Medium
Sunil,S114,11,Male,71,No,Yes,53,Half,No,No,121138,Medium
Rehan,S115,15,Male,72,No,No,64,Half,Yes,No,116191,Medium
Aman,S116,15,Male,83,Yes,Yes,96,Yes,No,No,163683,Low
Kabir,S117,15,Male,62,No,No,35,No,Yes,Yes,58976,High
Charu,S118,13,Female,96,Yes,No,89,Yes,No,No,176588,Low
Sarita,S119,15,Female,75,No,No,66,Half,No,No,121108,Medium
Anjali,S120,11,Female,88,Yes,No,96,Yes,No,No,198517,Low
Farhan,S121,10,Male,89,Yes,Yes,79,Yes,No,No,179020,Low
Riya,S122,10,Female,57,No,No,38,Half,Yes,Yes,60007,High
Saurabh,S123,13,Male,97,Yes,Yes,86,Yes,No,No,143161,Low
Jayant,S124,13,Male,64,No,No,46,No,Yes,Yes,73864,High
Esha,S125,12,Female,75,No,No,66,Half,No,No,121996,Medium
Vivek,S126,13,Male,92,Yes,No,82,Yes,No,No,224016,Low
Riya,S127,13,Female,64,No,No,43,No,Yes,Yes,67911,High
Vishal,S128,13,Male,94,Yes,Yes,77,Yes,No,No,169099,Low
Falguni,S129,13,Female,90,Yes,Yes,96,Yes,No,No,171471,Low
Preeti,S130,10,Female,80,Yes,No,95,Yes,No,No,141826,Low
Jhanvi,S131,10,Female,81,Yes,Yes,96,Yes,No,No,167411,Low
Manish,S132,14,Male,58,No,No,37,Half,Yes,Yes,76936,High
Chetan,S133,11,Male,80,No,No,57,Half,No,No,97506,Medium
Shivam,S134,10,Male,55,No,No,49,Half,Yes,Yes,73867,High
Vidya,S135,15,Female,82,Yes,No,90,Yes,No,No,217213,Low
Dhruv,S136,12,Male,83,Yes,Yes,90,Yes,No,No,180508,Low
Sarita,S137,10,Female,79,No,Yes,58,Half,Yes,No,122125,Medium
Alok,S138,12,Male,76,No,Yes,64,Half,Yes,No,101543,Medium
Jhanvi,S139,14,Female,76,No,No,60,Half,Yes,No,111122,Medium
Ramesh,S140,10,Male,69,No,No,42,No,Yes,Yes,70227,High
Falguni,S141,13,Female,85,Yes,Yes,87,Yes,No,No,181507,LowA
Ekta,S142,14,Female,88,Yes,Yes,89,Yes,No,No,202715,Low
Mukesh,S143,15,Male,95,Yes,Yes,89,Yes,No,No,225519,Low
Namrata,S144,13,Female,69,No,No,54,Half,No,No,116502,Medium
Varun,S145,14,Male,95,Yes,No,89,Yes,No,No,180056,Low
Gauri,S146,14,Female,60,No,No,46,Half,Yes,Yes,63877,High
Garima,S147,10,Female,86,Yes,Yes,82,Yes,No,No,232370,Low
Anand,S148,15,Male,88,Yes,No,95,Yes,No,No,234641,Low
Diya,S149,11,Female,58,No,No,40,No,Yes,Yes,64904,High
Ramesh,S150,11,Male,55,No,No,35,Half,Yes,Yes,59137,High
Esha,S151,14,Female,86,Yes,Yes,95,Yes,No,No,234249,Low
Mahi,S152,15,Female,80,No,No,60,Half,Yes,No,124559,Medium
Saurabh,S153,15,Male,96,Yes,No,74,Yes,No,No,162050,Low
Simran,S154,15,Female,63,No,No,38,Half,Yes,Yes,56916,High
Qudsia,S155,13,Female,80,No,Yes,64,Half,Yes,No,115579,Medium
Falguni,S156,11,Female,93,Yes,Yes,85,Yes,No,No,209408,Low
Girish,S157,13,Male,58,No,No,35,No,Yes,Yes,55636,High
Jhanvi,S158,12,Female,64,No,No,47,Half,Yes,Yes,75109,High
Uday,S159,15,Male,87,Yes,Yes,79,Yes,No,No,182934,Low
Uday,S160,13,Male,84,Yes,Yes,80,Yes,No,No,216742,Low
Falak,S161,15,Female,94,Yes,No,77,Yes,No,No,226172,Low
Shivam,S162,11,Male,82,Yes,Yes,75,Yes,No,No,135565,Low
Nikhil,S163,11,Male,72,No,Yes,54,Half,Yes,No,105681,Medium
Tanvi,S164,13,Female,75,No,No,63,Half,No,No,94643,Medium
Winnie,S165,11,Female,88,Yes,Yes,88,Yes,No,No,199909,Low
Pankaj,S166,13,Male,63,No,No,48,No,Yes,Yes,65484,High
Xitija,S167,10,Female,69,No,No,49,Half,Yes,Yes,75756,High
Kabir,S168,10,Male,84,Yes,No,78,Yes,No,No,215602,Low
Naresh,S169,11,Male,62,No,No,44,No,Yes,Yes,60309,High
Lalit,S170,10,Male,97,Yes,No,91,Yes,No,No,138955,Low
Eshan,S171,14,Male,74,No,Yes,53,Half,Yes,No,91895,Medium
Omkar,S172,15,Male,86,Yes,Yes,90,Yes,No,No,219482,Low
Abhishek,S173,13,Male,73,No,No,64,Half,Yes,No,104239,Medium
Pallavi,S174,13,Female,75,No,Yes,62,Half,No,No,100510,Medium
Hina,S175,11,Female,94,Yes,Yes,93,Yes,No,No,150630,Low
Indira,S176,11,Female,77,No,Yes,59,Half,No,No,120449,Medium
Madhuri,S177,10,Female,74,No,No,53,Half,Yes,No,100331,Medium
Mohan,S178,10,Male,75,No,Yes,54,Half,No,No,91657,Medium
Radhika,S179,12,Female,85,Yes,Yes,83,Yes,No,No,191866,Low
Lavanya,S180,11,Female,70,No,No,54,Half,Yes,No,101839,Medium
Ranjit,S181,13,Male,80,Yes,Yes,80,Yes,No,No,150418,Low
Riya,S182,14,Female,72,No,Yes,62,Half,Yes,No,96730,Medium
Indira,S183,11,Female,72,No,Yes,53,Half,No,No,114762,Medium
Nandini,S184,11,Female,79,No,No,56,Half,Yes,No,113386,Medium
Kajal,S185,13,Female,73,No,Yes,58,Half,No,No,113465,Medium
Rehan,S186,13,Male,73,No,Yes,57,Half,Yes,No,125452,Medium
Ashok,S187,15,Male,88,Yes,No,85,Yes,No,No,152642,Low
Lakshmi,S188,14,Female,84,Yes,Yes,96,Yes,No,No,201220,Low
Pradeep,S189,12,Male,72,No,No,63,Half,Yes,No,102046,Medium
Yashika,S190,10,Female,65,No,No,41,No,Yes,Yes,59382,High
Sunil,S191,12,Male,70,No,No,65,Half,No,No,107135,Medium
Ajay,S192,13,Male,58,No,No,46,Half,Yes,Yes,63722,High
Shivam,S193,10,Male,73,No,No,55,Half,No,No,104593,Medium
Ranjit,S194,15,Male,84,Yes,Yes,94,Yes,No,No,225008,Low
Mukesh,S195,12,Male,60,No,No,45,Half,Yes,Yes,72924,High
Siddharth,S196,12,Male,84,Yes,Yes,90,Yes,No,No,157412,Low
Riya,S197,14,Female,93,Yes,No,95,Yes,No,No,160053,Low
Eshan,S198,15,Male,58,No,No,39,No,Yes,Yes,75907,High
Mukesh,S199,14,Male,55,No,No,42,No,Yes,Yes,64074,High
Preeti,S200,12,Female,79,No,No,62,Half,No,No,108589,Medium
Alok,S201,13,Male,91,Yes,Yes,88,Yes,No,No,182676,Low
Pranav,S202,15,Male,88,Yes,Yes,78,Yes,No,No,192622,Low
Simran,S203,10,Female,83,Yes,Yes,85,Yes,No,No,171925,Low
Chirag,S204,10,Male,62,No,No,42,No,Yes,Yes,72257,High
Abhishek,S205,15,Male,79,No,No,61,Half,Yes,No,109224,Medium
Girdhar,S206,15,Male,77,No,Yes,60,Half,Yes,No,110564,Medium
Zoya,S207,11,Female,97,Yes,Yes,89,Yes,No,No,180337,Low
Isha,S208,12,Female,90,Yes,Yes,96,Yes,No,No,160661,Low
Kabir,S209,13,Male,55,No,No,37,No,Yes,Yes,70839,High
Vidya,S210,13,Female,84,Yes,Yes,76,Yes,No,No,136742,Low
Ritika,S211,13,Female,87,Yes,Yes,75,Yes,No,No,215013,Low
Devika,S212,15,Female,96,Yes,No,85,Yes,No,No,217181,Low
Sarita,S213,10,Female,93,Yes,Yes,87,Yes,No,No,200088,Low
Ojal,S214,10,Female,66,No,No,42,No,Yes,Yes,63781,High
Omkar,S215,14,Male,91,Yes,Yes,74,Yes,No,No,198454,Low
Bindiya,S216,12,Female,61,No,No,46,Half,Yes,Yes,71404,High
Aditi,S217,10,Female,68,No,No,43,Half,Yes,Yes,60366,High
Ramesh,S218,10,Male,81,Yes,Yes,75,Yes,No,No,156319,Low
Ramesh,S219,14,Male,82,Yes,Yes,76,Yes,No,No,167815,Low
Varsha,S220,12,Female,85,Yes,Yes,75,Yes,No,No,168131,Low
Ishaan,S221,14,Male,67,No,No,43,Half,Yes,Yes,69592,High
Jayant,S222,15,Male,57,No,No,47,Half,Yes,Yes,63728,High
Varun,S223,11,Male,76,No,Yes,53,Half,No,No,112035,Medium
Chetan,S224,10,Male,70,No,Yes,65,Half,No,No,90188,Medium
Alok,S225,11,Male,62,No,No,38,No,Yes,Yes,62575,High
Xitija,S226,14,Female,56,No,No,47,Half,Yes,Yes,72302,High
Falak,S227,15,Female,80,No,Yes,55,Half,Yes,No,102838,Medium
Girdhar,S228,15,Male,71,No,No,57,Half,No,No,118567,Medium
Jaya,S229,11,Female,61,No,No,42,No,Yes,Yes,63850,High
Qudsia,S230,12,Female,79,No,No,63,Half,No,No,112725,Medium
Riya,S231,11,Female,96,Yes,Yes,76,Yes,No,No,148798,Low
Winnie,S232,14,Female,75,No,No,64,Half,Yes,No,111134,Medium
Aditi,S233,14,Female,68,No,No,37,No,Yes,Yes,75102,High
Hema,S234,13,Female,96,Yes,Yes,83,Yes,No,No,175058,Low
Ramesh,S235,14,Male,72,No,No,56,Half,Yes,No,112624,Medium
Qasim,S236,14,Male,73,No,Yes,58,Half,No,No,121229,Medium
Dinesh,S237,13,Male,77,No,Yes,54,Half,Yes,No,126622,Medium
Garima,S238,14,Female,90,Yes,Yes,74,Yes,No,No,159720,Low
Pranav,S239,15,Male,69,No,No,62,Half,No,No,100733,Medium
Manish,S240,13,Male,97,Yes,Yes,82,Yes,No,No,230163,Low
Radhika,S241,12,Female,71,No,Yes,60,Half,Yes,No,119518,Medium
Sanjay,S242,10,Male,75,No,Yes,57,Half,No,No,92976,Medium
Ashok,S243,15,Male,70,No,Yes,66,Half,No,No,96711,Medium
Varsha,S244,10,Female,87,Yes,No,91,Yes,No,No,202433,Low
Isha,S245,11,Female,89,Yes,Yes,95,Yes,No,No,185778,Low
Tanvi,S246,15,Female,94,Yes,Yes,83,Yes,No,No,188335,Low
Anil,S247,11,Male,59,No,No,46,No,Yes,Yes,60359,High
Omkar,S248,14,Male,72,No,Yes,59,Half,Yes,No,104112,Medium
Rajesh,S249,15,Male,85,Yes,Yes,79,Yes,No,No,174311,Low
Uday,S250,15,Male,72,No,No,60,Half,Yes,No,104124,Medium
Ramesh,S251,10,Male,58,No,No,46,Half,Yes,Yes,69632,High
Rehan,S252,10,Male,72,No,Yes,54,Half,Yes,No,106624,Medium
Anjali,S253,11,Female,77,No,Yes,58,Half,No,No,119557,Medium
Nidhi,S254,13,Female,82,Yes,Yes,77,Yes,No,No,222741,Low
Mahi,S255,11,Female,65,No,No,47,No,Yes,Yes,73287,High
Kritika,S256,11,Female,75,No,Yes,63,Half,Yes,No,114549,Medium
Ranjit,S257,11,Male,91,Yes,Yes,91,Yes,No,No,164407,Low
Ramesh,S258,15,Male,71,No,Yes,57,Half,Yes,No,114349,Medium
Mansi,S259,14,Female,69,No,Yes,57,Half,Yes,No,93563,Medium
Naresh,S260,14,Male,77,No,Yes,60,Half,No,No,94920,Medium
Farhan,S261,13,Male,81,Yes,Yes,91,Yes,No,No,172763,Low
Indira,S262,10,Female,77,No,Yes,53,Half,No,No,127431,Medium
Gauri,S263,10,Female,82,Yes,Yes,75,Yes,No,No,190929,Low
Charu,S264,10,Female,56,No,No,47,Half,Yes,Yes,71514,High
Chetan,S265,13,Male,56,No,No,41,Half,Yes,Yes,71941,High
Pankaj,S266,13,Male,95,Yes,No,92,Yes,No,No,154621,Low
Pradeep,S267,10,Male,63,No,No,49,Half,Yes,Yes,67902,High
Harish,S268,12,Male,55,No,No,49,Half,Yes,Yes,56793,High
Prakash,S269,12,Male,57,No,No,40,No,Yes,Yes,69360,High
Kabir,S270,15,Male,86,Yes,Yes,91,Yes,No,No,170220,Low
Ashok,S271,13,Male,68,No,No,49,No,Yes,Yes,70892,High
Sameer,S272,10,Male,61,No,No,44,No,Yes,Yes,55243,High
Madhuri,S273,12,Female,95,Yes,Yes,85,Yes,No,No,141830,Low
Yashika,S274,11,Female,98,Yes,Yes,91,Yes,No,No,181318,Low
Sunil,S275,13,Male,71,No,No,53,Half,Yes,No,94856,Medium
Gauri,S276,14,Female,61,No,No,48,Half,Yes,Yes,68146,High
Ranjit,S277,12,Male,62,No,No,36,Half,Yes,Yes,68907,High
Oindri,S278,15,Female,91,Yes,Yes,84,Yes,No,No,146295,Low
Varun,S279,14,Male,62,No,No,47,No,Yes,Yes,55358,High
Nikhil,S280,10,Male,90,Yes,No,88,Yes,No,No,220215,Low
Sagar,S281,10,Male,82,Yes,Yes,95,Yes,No,No,149036,Low
Vidya,S282,10,Female,98,Yes,Yes,80,Yes,No,No,137015,Low
Charu,S283,10,Female,77,No,No,59,Half,Yes,No,113973,Medium
Dhruv,S284,13,Male,70,No,Yes,60,Half,No,No,120901,Medium
Pankaj,S285,11,Male,79,No,Yes,63,Half,No,No,102523,Medium
Ranjit,S286,11,Male,92,Yes,No,72,Yes,No,No,148827,Low
Mansi,S287,13,Female,60,No,No,40,Half,Yes,Yes,63572,High
Bindiya,S288,13,Female,61,No,No,45,No,Yes,Yes,55407,High
Kabir,S289,12,Male,73,No,No,58,Half,Yes,No,123840,Medium
Ojasvi,S290,11,Female,96,Yes,Yes,84,Yes,No,No,173503,Low
Tara,S291,10,Female,59,No,No,42,No,Yes,Yes,75721,High
Jaya,S292,14,Female,74,No,Yes,55,Half,Yes,No,96175,Medium
Saurabh,S293,10,Male,80,No,No,61,Half,Yes,No,118563,Medium
Zubin,S294,13,Male,61,No,No,41,Half,Yes,Yes,76781,High
Garima,S295,10,Female,66,No,No,41,No,Yes,Yes,76856,High
Nandini,S296,11,Female,90,Yes,Yes,83,Yes,No,No,155220,Low
Girish,S297,15,Male,60,No,No,48,Half,Yes,Yes,59878,High
Nikhil,S298,10,Male,72,No,No,56,Half,Yes,No,111705,Medium
Eshan,S299,14,Male,76,No,Yes,59,Half,No,No,106108,Medium
Pankaj,S300,14,Male,73,No,No,53,Half,Yes,No,108341,Medium
Alok,S301,12,Male,86,Yes,Yes,94,Yes,No,No,196451,Low
Anil,S302,10,Male,83,Yes,No,83,Yes,No,No,178844,Low
Namrata,S303,15,Female,56,No,No,49,Half,Yes,Yes,64873,High
Uday,S304,13,Male,69,No,Yes,55,Half,Yes,No,126370,Medium
Riya,S305,11,Female,79,No,Yes,66,Half,No,No,102216,Medium
Jhanvi,S306,13,Female,89,Yes,Yes,94,Yes,No,No,148946,Low
Qurat,S307,11,Female,65,No,No,49,Half,Yes,Yes,64282,High
Shivam,S308,10,Male,70,No,Yes,64,Half,Yes,No,96013,Medium
Zubin,S309,13,Male,95,Yes,No,78,Yes,No,No,147908,Low
Simran,S310,11,Female,59,No,No,36,No,Yes,Yes,64853,High
Sneha,S311,15,Female,75,No,No,62,Half,No,No,125050,Medium
Dhruv,S312,11,Male,82,Yes,Yes,92,Yes,No,No,201695,Low
Anand,S313,14,Male,80,No,No,65,Half,No,No,124939,Medium
Chetan,S314,10,Male,68,No,No,39,Half,Yes,Yes,61196,High
Jhanvi,S315,14,Female,69,No,Yes,66,Half,Yes,No,91244,Medium
Ekta,S316,15,Female,57,No,No,41,Half,Yes,Yes,70022,High
Qudsia,S317,14,Female,60,No,No,49,Half,Yes,Yes,56326,High
Jayant,S318,11,Male,80,No,No,59,Half,Yes,No,90161,Medium
Mohan,S319,13,Male,67,No,No,39,Half,Yes,Yes,70652,High
Pranav,S320,11,Male,67,No,No,39,No,Yes,Yes,74510,High
Anjali,S321,13,Female,71,No,Yes,62,Half,No,No,93322,Medium
Eshan,S322,11,Male,89,Yes,No,75,Yes,No,No,197080,Low
Yamini,S323,12,Female,87,Yes,Yes,87,Yes,No,No,214444,Low
Pranav,S324,15,Male,91,Yes,Yes,92,Yes,No,No,218380,Low
Rehan,S325,14,Male,94,Yes,Yes,74,Yes,No,No,214741,Low
Tara,S326,10,Female,56,No,No,41,No,Yes,Yes,74033,High
Naresh,S327,12,Male,90,Yes,Yes,82,Yes,No,No,177798,Low
Manish,S328,13,Male,84,Yes,Yes,93,Yes,No,No,222999,Low
Devendra,S329,11,Male,59,No,No,35,Half,Yes,Yes,63717,High
Qasim,S330,10,Male,97,Yes,Yes,86,Yes,No,No,220437,Low
Vivek,S331,11,Male,80,Yes,Yes,94,Yes,No,No,188941,Low
Rehan,S332,15,Male,78,No,Yes,57,Half,Yes,No,113157,Medium
Winnie,S333,10,Female,79,No,Yes,61,Half,Yes,No,97723,Medium
Qudsia,S334,13,Female,75,No,No,62,Half,No,No,120104,Medium
Anand,S335,14,Male,79,No,No,66,Half,Yes,No,90469,Medium
Ivan,S336,11,Male,97,Yes,No,72,Yes,No,No,141610,Low
Jaya,S337,11,Female,80,Yes,Yes,93,Yes,No,No,183831,Low
Urmila,S338,14,Female,76,No,Yes,55,Half,No,No,125856,Medium
Eshan,S339,10,Male,80,Yes,Yes,87,Yes,No,No,170519,Low
Tara,S340,10,Female,66,No,No,47,Half,Yes,Yes,73465,High
Pallavi,S341,14,Female,91,Yes,Yes,95,Yes,No,No,184547,Low
Nitesh,S342,14,Male,78,No,Yes,53,Half,No,No,119670,Medium
Sagar,S343,15,Male,83,Yes,Yes,89,Yes,No,No,138357,Low
Pradeep,S344,12,Male,93,Yes,Yes,76,Yes,No,No,226405,Low
Isha,S345,14,Female,82,Yes,Yes,93,Yes,No,No,228033,Low
Isha,S346,14,Female,92,Yes,No,96,Yes,No,No,189843,Low
Dinesh,S347,10,Male,83,Yes,Yes,76,Yes,No,No,174162,Low
Pradeep,S348,15,Male,56,No,No,43,No,Yes,Yes,66129,High
Pankaj,S349,13,Male,62,No,No,39,No,Yes,Yes,68600,High
Yamini,S350,14,Female,96,Yes,Yes,87,Yes,No,No,223795,Low
Harsh,S351,12,Male,74,No,Yes,61,Half,Yes,No,125866,Medium
Avni,S352,10,Female,80,No,No,54,Half,No,No,90080,Medium
Anika,S353,12,Female,86,Yes,No,81,Yes,No,No,151463,Low
Kiara,S354,10,Female,78,No,Yes,55,Half,Yes,No,122517,Medium
Vihaan,S355,11,Male,76,No,Yes,57,Half,Yes,No,95797,Medium
Riya,S356,13,Female,97,Yes,No,84,Yes,No,No,176945,Low
Kashvi,S357,10,Female,83,Yes,No,89,Yes,No,No,139433,Low
Aayush,S358,14,Male,65,No,No,39,No,Yes,Yes,60521,High
Zaid,S359,15,Male,61,No,No,36,Half,Yes,Yes,68303,High
Leela,S360,12,Female,97,Yes,No,91,Yes,No,No,141896,Low
Rudransh,S361,12,Male,69,No,No,44,Half,Yes,Yes,59935,High
Qiara,S362,13,Female,55,No,No,48,Half,Yes,Yes,71021,High
Ira,S363,13,Female,71,No,Yes,58,Half,Yes,No,107482,Medium
Warda,S364,14,Female,78,No,Yes,55,Half,Yes,No,94690,Medium
Nitya,S365,15,Female,84,Yes,Yes,92,Yes,No,No,213995,Low
Vaidehi,S366,14,Female,77,No,No,63,Half,No,No,90726,Medium
Neel,S367,11,Male,61,No,No,42,Half,Yes,Yes,63919,High
Nirvaan,S368,15,Male,62,No,No,39,No,Yes,Yes,65836,High
Charvak,S369,15,Male,69,No,Yes,55,Half,No,No,127925,Medium
Yug,S370,13,Male,72,No,No,57,Half,No,No,125860,Medium
Urvi,S371,13,Female,67,No,No,49,Half,Yes,Yes,76848,High
Ikshan,S372,12,Male,88,Yes,Yes,87,Yes,No,No,173169,Low
Ananya,S373,10,Female,87,Yes,No,92,Yes,No,No,156189,Low
Riya,S374,13,Female,76,No,No,60,Half,No,No,107652,Medium
Sahil,S375,13,Male,77,No,No,64,Half,Yes,No,93012,Medium
Rudransh,S376,12,Male,80,No,No,64,Half,Yes,No,112989,Medium
Harshita,S377,10,Female,98,Yes,Yes,83,Yes,No,No,152244,Low
Rudransh,S378,12,Male,70,No,No,65,Half,No,No,124199,Medium
Xara,S379,15,Female,95,Yes,Yes,92,Yes,No,No,184009,Low
Vihaan,S380,13,Male,79,No,Yes,65,Half,Yes,No,99248,Medium
Yug,S381,15,Male,95,Yes,No,89,Yes,No,No,176053,Low
Atharv,S382,15,Male,89,Yes,Yes,93,Yes,No,No,146702,Low
Diya,S383,10,Female,76,No,No,60,Half,Yes,No,92163,Medium
Avni,S384,11,Female,68,No,No,45,No,Yes,Yes,64954,High
Kiara,S385,12,Female,92,Yes,No,91,Yes,No,No,192505,Low
Samar,S386,14,Male,57,No,No,46,No,Yes,Yes,55147,High
Elan,S387,13,Male,79,No,Yes,54,Half,No,No,115423,Medium
Diya,S388,12,Female,77,No,No,66,Half,Yes,No,98043,Medium
Ishaan,S389,12,Male,61,No,No,48,No,Yes,Yes,57558,High
Tanish,S390,12,Male,68,No,No,38,No,Yes,Yes,58910,High
Hrithik,S391,13,Male,75,No,Yes,61,Half,No,No,98719,Medium
Harsh,S392,11,Male,55,No,No,42,Half,Yes,Yes,62947,High
Arjav,S393,12,Male,80,No,No,57,Half,Yes,No,99650,Medium
Ushna,S394,12,Female,98,Yes,No,79,Yes,No,No,212291,Low
Aadhya,S395,13,Female,71,No,Yes,55,Half,No,No,116839,Medium
Ananya,S396,10,Female,74,No,Yes,64,Half,No,No,113772,Medium
Daksh,S397,11,Male,70,No,Yes,58,Half,Yes,No,91232,Medium
Ivy,S398,11,Female,83,Yes,Yes,78,Yes,No,No,215493,Low
Vanya,S399,13,Female,57,No,No,42,No,Yes,Yes,57395,High
Tanaya,S400,12,Female,69,No,No,37,No,Yes,Yes,60090,High
Reyansh,S401,12,Male,90,Yes,Yes,81,Yes,No,No,226898,Low
Ananya,S402,12,Female,80,Yes,No,96,Yes,No,No,204779,Low
Samar,S403,15,Male,93,Yes,Yes,77,Yes,No,No,199750,Low
Rudransh,S404,14,Male,93,Yes,Yes,86,Yes,No,No,179184,Low
Qiara,S405,15,Female,97,Yes,Yes,79,Yes,No,No,221827,Low
Nirvaan,S406,12,Male,75,No,Yes,58,Half,Yes,No,116057,Medium
Harsh,S407,11,Male,87,Yes,Yes,84,Yes,No,No,231807,Low
Urvi,S408,10,Female,93,Yes,Yes,90,Yes,No,No,147292,Low
Rajveer,S409,13,Male,69,No,No,41,No,Yes,Yes,66476,High
Siya,S410,15,Female,98,Yes,No,94,Yes,No,No,150501,Low
Chinmay,S411,14,Male,76,No,Yes,54,Half,No,No,124010,Medium
Charvi,S412,12,Female,77,No,Yes,60,Half,Yes,No,106975,Medium
Chinmay,S413,13,Male,91,Yes,No,94,Yes,No,No,225884,Low
Palak,S414,13,Female,95,Yes,No,81,Yes,No,No,148665,Low
Zaid,S415,11,Male,70,No,Yes,65,Half,Yes,No,97606,Medium
Manan,S416,12,Male,75,No,No,54,Half,No,No,121556,Medium
Kiaan,S417,12,Male,75,No,Yes,63,Half,No,No,106572,Medium
Riya,S418,11,Female,79,No,No,61,Half,Yes,No,92956,Medium
Neel,S419,14,Male,75,No,No,64,Half,Yes,No,118747,Medium
Aarohi,S420,12,Female,69,No,No,35,No,Yes,Yes,73577,High
Elakshi,S421,14,Female,70,No,No,57,Half,No,No,99721,Medium
Daksh,S422,13,Male,71,No,Yes,55,Half,No,No,125170,Medium
Kashvi,S423,15,Female,96,Yes,No,85,Yes,No,No,159845,Low
Aarohi,S424,11,Female,87,Yes,Yes,88,Yes,No,No,204065,Low
Ojas,S425,10,Male,89,Yes,No,74,Yes,No,No,218325,Low
Daksh,S426,13,Male,63,No,No,46,No,Yes,Yes,66595,High
Ayaan,S427,13,Male,67,No,No,49,Half,Yes,Yes,70774,High
Rohan,S428,10,Male,73,No,Yes,58,Half,Yes,No,114680,Medium
Ikshan,S429,13,Male,82,Yes,Yes,76,Yes,No,No,167292,Low
Naman,S430,12,Male,79,No,No,56,Half,No,No,107363,Medium
Kashvi,S431,11,Female,90,Yes,Yes,79,Yes,No,No,192263,Low
Arnav,S432,10,Male,58,No,No,37,No,Yes,Yes,66243,High
Qiara,S433,14,Female,69,No,No,56,Half,No,No,118219,Medium
Mahika,S434,13,Female,77,No,No,53,Half,No,No,97994,Medium
Rohan,S435,14,Male,82,Yes,Yes,96,Yes,No,No,232982,Low
Prithvi,S436,12,Male,69,No,No,53,Half,No,No,109613,Medium
Vansh,S437,11,Male,80,No,Yes,54,Half,Yes,No,93867,Medium
Saanvi,S438,12,Female,67,No,No,35,Half,Yes,Yes,60992,High
Aanya,S439,14,Female,83,Yes,Yes,95,Yes,No,No,146625,Low
Faiz,S440,12,Male,63,No,No,38,Half,Yes,Yes,55281,High
Nitya,S441,15,Female,57,No,No,36,No,Yes,Yes,68530,High
Kian,S442,12,Male,78,No,No,60,Half,No,No,122225,Medium
Dev,S443,14,Male,71,No,Yes,57,Half,No,No,103081,Medium
Trisha,S444,15,Female,80,No,Yes,62,Half,No,No,98600,Medium
Ayaan,S445,11,Male,64,No,No,39,Half,Yes,Yes,61593,High
Warda,S446,15,Female,78,No,No,61,Half,Yes,No,94130,Medium
Parth,S447,12,Male,82,Yes,Yes,96,Yes,No,No,231595,Low
Kiara,S448,12,Female,96,Yes,No,93,Yes,No,No,191595,Low
Shivansh,S449,10,Male,66,No,No,38,Half,Yes,Yes,68599,High
Ahaan,S450,15,Male,77,No,Yes,55,Half,No,No,124171,Medium
Amaira,S451,11,Female,71,No,Yes,54,Half,Yes,No,97962,Medium
Prisha,S452,14,Female,66,No,No,35,Half,Yes,Yes,63703,High
Yuvraj,S453,15,Male,68,No,No,48,Half,Yes,Yes,64305,High
Chhavi,S454,13,Female,80,No,Yes,57,Half,No,No,122095,Medium
Madhav,S455,12,Male,85,Yes,No,89,Yes,No,No,147390,Low
Kiara,S456,15,Female,78,No,No,53,Half,No,No,122426,Medium
Navya,S457,14,Female,96,Yes,Yes,81,Yes,No,No,200968,Low
Esha,S458,14,Female,97,Yes,Yes,83,Yes,No,No,200074,Low
Janya,S459,10,Female,56,No,No,40,No,Yes,Yes,56607,High
Aayush,S460,14,Male,94,Yes,Yes,73,Yes,No,No,233023,Low
Disha,S461,12,Female,76,No,Yes,61,Half,Yes,No,108671,Medium
Lakshay,S462,10,Male,87,Yes,Yes,73,Yes,No,No,209119,Low
Palak,S463,10,Female,79,No,No,63,Half,No,No,124618,Medium
Ira,S464,12,Female,76,No,Yes,54,Half,No,No,117675,Medium
Bhairavi,S465,11,Female,87,Yes,Yes,73,Yes,No,No,215153,Low
Gagan,S466,15,Male,81,Yes,No,90,Yes,No,No,182903,Low
Mahika,S467,14,Female,64,No,No,45,No,Yes,Yes,68447,High
Ahaan,S468,14,Male,62,No,No,46,No,Yes,Yes,59901,High
Aaradhya,S469,14,Female,74,No,No,63,Half,Yes,No,101601,Medium
Atharv,S470,12,Male,61,No,No,36,Half,Yes,Yes,55622,High
Disha,S471,15,Female,69,No,Yes,65,Half,No,No,90891,Medium
Urvi,S472,13,Female,81,Yes,Yes,96,Yes,No,No,159863,Low
Aadhya,S473,11,Female,96,Yes,Yes,89,Yes,No,No,183800,Low
Shaurya,S474,11,Male,76,No,No,63,Half,Yes,No,107844,Medium
Aadi,S475,12,Male,87,Yes,Yes,74,Yes,No,No,226252,Low
Wasim,S476,11,Male,91,Yes,Yes,77,Yes,No,No,214965,Low
Gargi,S477,11,Female,56,No,No,35,Half,Yes,Yes,76240,High
Urvi,S478,11,Female,85,Yes,No,73,Yes,No,No,164323,Low
Reyansh,S479,12,Male,58,No,No,35,Half,Yes,Yes,60195,High
Warda,S480,10,Female,80,No,Yes,57,Half,Yes,No,93097,Medium
Nirvaan,S481,13,Male,86,Yes,Yes,76,Yes,No,No,135333,Low
Larisa,S482,12,Female,74,No,No,63,Half,Yes,No,117168,Medium
Gagan,S483,14,Male,58,No,No,39,No,Yes,Yes,68604,High
Kiara,S484,12,Female,95,Yes,Yes,84,Yes,No,No,176060,Low
Yash,S485,15,Male,94,Yes,No,94,Yes,No,No,176279,Low
Yug,S486,10,Male,60,No,No,36,Half,Yes,Yes,70676,High
Rudra,S487,15,Male,56,No,No,46,Half,Yes,Yes,76252,High
Kiara,S488,11,Female,88,Yes,Yes,81,Yes,No,No,204156,Low
Urvi,S489,10,Female,58,No,No,44,Half,Yes,Yes,65218,High
Prisha,S490,10,Female,87,Yes,Yes,89,Yes,No,No,180460,Low
Prisha,S491,13,Female,90,Yes,No,79,Yes,No,No,228997,Low
Advait,S492,15,Male,63,No,No,37,Half,Yes,Yes,75153,High
Kashvi,S493,11,Female,92,Yes,Yes,93,Yes,No,No,186729,Low
Riya,S494,10,Female,60,No,No,37,Half,Yes,Yes,72140,High
Vihaan,S495,14,Male,91,Yes,Yes,88,Yes,No,No,203591,Low
Harshita,S496,11,Female,89,Yes,Yes,91,Yes,No,No,198186,Low
Hemlata,S497,15,Female,83,Yes,Yes,96,Yes,No,No,181503,Low
Atharv,S498,15,Male,89,Yes,No,76,Yes,No,No,178758,Low
Rohan,S499,10,Male,74,No,No,55,Half,Yes,No,114813,Medium
Hrithik,S500,12,Male,72,No,Yes,64,Half,No,No,102196,Medium
Aadhya,S501,15,Female,69,No,No,56,Half,Yes,No,91515,Medium
Daksh,S502,12,Male,84,Yes,Yes,77,Yes,No,No,202966,Low
Divit,S503,11,Male,74,No,Yes,66,Half,No,No,126649,Medium
Elan,S504,10,Male,82,Yes,No,88,Yes,No,No,197712,Low
Disha,S505,10,Female,65,No,No,37,No,Yes,Yes,55103,High
Damini,S506,15,Female,77,No,Yes,55,Half,Yes,No,122747,Medium
Kiara,S507,11,Female,56,No,No,46,No,Yes,Yes,64920,High
Ushna,S508,14,Female,97,Yes,No,90,Yes,No,No,185596,Low
Vihaan,S509,12,Male,72,No,No,61,Half,No,No,111428,Medium
Ayaan,S510,13,Male,56,No,No,42,Half,Yes,Yes,58381,High
Gagan,S511,11,Male,90,Yes,Yes,76,Yes,No,No,214704,Low
Hrithik,S512,11,Male,58,No,No,38,No,Yes,Yes,58731,High
Shaurya,S513,15,Male,90,Yes,Yes,84,Yes,No,No,203314,Low
Samar,S514,14,Male,77,No,Yes,61,Half,Yes,No,98995,Medium
Zaid,S515,15,Male,57,No,No,44,No,Yes,Yes,65347,High
Kashvi,S516,11,Female,63,No,No,49,Half,Yes,Yes,60451,High
Warda,S517,14,Female,90,Yes,Yes,81,Yes,No,No,186104,Low
Samar,S518,10,Male,63,No,No,49,No,Yes,Yes,64210,High
Atharv,S519,15,Male,80,Yes,Yes,82,Yes,No,No,146996,Low
Riya,S520,10,Female,91,Yes,Yes,72,Yes,No,No,152717,Low
Vivaan,S521,14,Male,75,No,Yes,61,Half,Yes,No,114278,Medium
Anika,S522,13,Female,96,Yes,Yes,88,Yes,No,No,196864,Low
Larisa,S523,14,Female,83,Yes,Yes,89,Yes,No,No,162758,Low
Tanaya,S524,11,Female,65,No,No,39,No,Yes,Yes,72859,High
Girija,S525,12,Female,72,No,No,55,Half,Yes,No,100671,Medium
Hiya,S526,10,Female,85,Yes,Yes,72,Yes,No,No,175480,Low
Eshani,S527,15,Female,77,No,No,62,Half,No,No,127512,Medium
Gauri,S528,11,Female,58,No,No,46,Half,Yes,Yes,75452,High
Yuvraj,S529,11,Male,80,No,No,60,Half,No,No,104360,Medium
Prisha,S530,10,Female,80,No,Yes,62,Half,Yes,No,122318,Medium
Ayaan,S531,14,Male,79,No,No,61,Half,No,No,94777,Medium
Tanish,S532,10,Male,98,Yes,Yes,79,Yes,No,No,233596,Low
Utkarsh,S533,11,Male,83,Yes,Yes,88,Yes,No,No,175534,Low
Yashvi,S534,13,Female,83,Yes,Yes,74,Yes,No,No,154208,Low
Reyansh,S535,10,Male,69,No,No,47,Half,Yes,Yes,60200,High
Riya,S536,12,Female,85,Yes,Yes,81,Yes,No,No,213036,Low
Eklavya,S537,15,Male,90,Yes,No,78,Yes,No,No,230789,Low
Aanya,S538,12,Female,61,No,No,47,No,Yes,Yes,64215,High
Lakshay,S539,10,Male,74,No,No,53,Half,Yes,No,124507,Medium
Warda,S540,12,Female,96,Yes,Yes,79,Yes,No,No,213358,Low
Ishan,S541,11,Male,89,Yes,No,73,Yes,No,No,173382,Low
Samar,S542,11,Male,77,No,No,59,Half,No,No,105670,Medium
Anika,S543,14,Female,91,Yes,No,82,Yes,No,No,162131,Low
Charvak,S544,14,Male,88,Yes,Yes,82,Yes,No,No,144334,Low
Avni,S545,12,Female,60,No,No,47,No,Yes,Yes,60744,High
Reyansh,S546,13,Male,71,No,No,62,Half,No,No,94050,Medium
Pari,S547,15,Female,67,No,No,37,No,Yes,Yes,75449,High
Itika,S548,14,Female,94,Yes,Yes,73,Yes,No,No,219450,Low
Leela,S549,12,Female,76,No,No,66,Half,No,No,109424,Medium
Veer,S550,14,Male,92,Yes,No,77,Yes,No,No,146737,Low
Ananya,S551,13,Female,94,Yes,Yes,87,Yes,No,No,190371,Low
Bhairavi,S552,14,Female,74,No,No,64,Half,Yes,No,112774,Medium
Myra,S553,10,Female,57,No,No,46,No,Yes,Yes,75895,High
Kiaan,S554,12,Male,78,No,No,62,Half,No,No,116162,Medium
Shaurya,S555,11,Male,56,No,No,39,Half,Yes,Yes,73996,High
Mahika,S556,10,Female,84,Yes,Yes,94,Yes,No,No,163918,Low
Darsh,S557,13,Male,75,No,Yes,62,Half,Yes,No,91327,Medium
Aditi,S558,10,Female,58,No,No,36,No,Yes,Yes,56309,High
Warda,S559,14,Female,90,Yes,Yes,94,Yes,No,No,155897,Low
Prisha,S560,12,Female,67,No,No,41,No,Yes,Yes,69696,High
Rudra,S561,12,Male,65,No,No,37,No,Yes,Yes,62290,High
Ridhi,S562,14,Female,82,Yes,Yes,86,Yes,No,No,228255,Low
Utkarsh,S563,13,Male,91,Yes,Yes,74,Yes,No,No,163122,Low
Oviya,S564,12,Female,71,No,No,58,Half,Yes,No,92450,Medium
Dhruv,S565,11,Male,59,No,No,45,No,Yes,Yes,71286,High
Tejas,S566,11,Male,79,No,No,56,Half,Yes,No,105819,Medium
Hiya,S567,12,Female,90,Yes,Yes,84,Yes,No,No,150695,Low
Nishtha,S568,11,Female,64,No,No,45,Half,Yes,Yes,55615,High
Veer,S569,12,Male,69,No,No,35,Half,Yes,Yes,67202,High
Aadi,S570,13,Male,97,Yes,Yes,95,Yes,No,No,230436,Low
Utkarsh,S571,10,Male,91,Yes,No,95,Yes,No,No,161537,Low
Krishna,S572,14,Male,94,Yes,Yes,92,Yes,No,No,139392,Low
Aanya,S573,13,Female,79,No,Yes,60,Half,No,No,100825,Medium
Shivansh,S574,13,Male,80,Yes,Yes,86,Yes,No,No,172073,Low
Vivaan,S575,14,Male,96,Yes,No,81,Yes,No,No,225564,Low
Prisha,S576,15,Female,72,No,No,54,Half,No,No,101031,Medium
Lakshay,S577,13,Male,80,Yes,Yes,76,Yes,No,No,135930,Low
Darsh,S578,14,Male,59,No,No,35,Half,Yes,Yes,66339,High
Rudransh,S579,14,Male,91,Yes,Yes,82,Yes,No,No,140378,Low
Yashvi,S580,10,Female,96,Yes,Yes,73,Yes,No,No,222193,Low
Chhavi,S581,11,Female,95,Yes,Yes,82,Yes,No,No,147071,Low
Xara,S582,11,Female,65,No,No,41,Half,Yes,Yes,66942,High
Shaurya,S583,14,Male,69,No,No,46,No,Yes,Yes,59378,High
Advik,S584,10,Male,63,No,No,36,Half,Yes,Yes,68713,High
Rohan,S585,14,Male,68,No,No,42,No,Yes,Yes,59310,High
Leela,S586,15,Female,68,No,No,37,No,Yes,Yes,76296,High
Ananya,S587,12,Female,78,No,Yes,54,Half,No,No,97900,Medium
Qiara,S588,15,Female,90,Yes,Yes,74,Yes,No,No,164027,Low
Krishna,S589,11,Male,63,No,No,46,No,Yes,Yes,64860,High
Siya,S590,11,Female,80,Yes,No,93,Yes,No,No,179772,Low
Rajveer,S591,13,Male,77,No,Yes,64,Half,Yes,No,105452,Medium
Samar,S592,15,Male,77,No,No,53,Half,Yes,No,99576,Medium
Jatin,S593,12,Male,80,No,Yes,59,Half,No,No,108762,Medium
Daksh,S594,10,Male,63,No,No,36,Half,Yes,Yes,75761,High
Wasim,S595,11,Male,81,Yes,No,95,Yes,No,No,139935,Low
Yuvraj,S596,14,Male,73,No,No,66,Half,No,No,112765,Medium
Ishaan,S597,13,Male,94,Yes,Yes,91,Yes,No,No,226879,Low
Aaradhya,S598,15,Female,97,Yes,Yes,94,Yes,No,No,225481,Low
Gauri,S599,15,Female,71,No,Yes,53,Half,Yes,No,122367,Medium
Aayush,S600,13,Male,86,Yes,Yes,91,Yes,No,No,213189,Low
Krishna,S601,15,Male,96,Yes,No,89,Yes,No,No,180644,Low
Vivaan,S602,13,Male,65,No,No,44,No,Yes,Yes,76162,High
Arjav,S603,11,Male,60,No,No,37,No,Yes,Yes,55045,High
Charvi,S604,14,Female,98,Yes,Yes,78,Yes,No,No,225316,Low
Gauri,S605,13,Female,98,Yes,Yes,84,Yes,No,No,142714,Low
Veer,S606,13,Male,86,Yes,No,91,Yes,No,No,143008,Low
Zara,S607,11,Female,66,No,No,38,No,Yes,Yes,72763,High
Rudra,S608,15,Male,82,Yes,Yes,85,Yes,No,No,189566,Low
Elan,S609,12,Male,94,Yes,Yes,82,Yes,No,No,220899,Low
Yashvi,S610,11,Female,93,Yes,No,78,Yes,No,No,179764,Low
Vanya,S611,14,Female,57,No,No,48,Half,Yes,Yes,75829,High
Palak,S612,11,Female,75,No,No,63,Half,Yes,No,105419,Medium
Lakshay,S613,14,Male,92,Yes,No,96,Yes,No,No,216973,Low
Arnav,S614,14,Male,73,No,Yes,57,Half,No,No,113438,Medium
Gargi,S615,15,Female,97,Yes,Yes,90,Yes,No,No,194163,Low
Kiaan,S616,13,Male,66,No,No,45,Half,Yes,Yes,74053,High
Ayaan,S617,13,Male,75,No,Yes,53,Half,Yes,No,100342,Medium
Navya,S618,14,Female,77,No,No,54,Half,Yes,No,119747,Medium
Ishita,S619,15,Female,78,No,Yes,62,Half,No,No,114815,Medium
Rishi,S620,11,Male,91,Yes,No,95,Yes,No,No,180121,Low
Meher,S621,14,Female,72,No,No,66,Half,No,No,113681,Medium
Anika,S622,14,Female,88,Yes,No,77,Yes,No,No,156142,Low
Charvak,S623,11,Male,90,Yes,Yes,73,Yes,No,No,170199,Low
Aarush,S624,13,Male,74,No,Yes,61,Half,No,No,115160,Medium
Ivy,S625,11,Female,82,Yes,Yes,80,Yes,No,No,153635,Low
Samar,S626,14,Male,55,No,No,37,Half,Yes,Yes,67999,High
Vaidehi,S627,14,Female,65,No,No,37,Half,Yes,Yes,68733,High
Rudransh,S628,11,Male,68,No,No,44,Half,Yes,Yes,65344,High
Aryan,S629,13,Male,59,No,No,41,No,Yes,Yes,61373,High
Urvi,S630,13,Female,57,No,No,49,Half,Yes,Yes,66821,High
Yuvraj,S631,12,Male,91,Yes,Yes,78,Yes,No,No,140829,Low
Ishaan,S632,10,Male,82,Yes,No,75,Yes,No,No,176919,Low
Chinmay,S633,12,Male,73,No,Yes,61,Half,Yes,No,107187,Medium
Diya,S634,11,Female,78,No,Yes,61,Half,No,No,121050,Medium
Samar,S635,13,Male,75,No,Yes,54,Half,Yes,No,102296,Medium
Bhavya,S636,13,Female,92,Yes,Yes,74,Yes,No,No,181716,Low
Hrithik,S637,15,Male,80,Yes,Yes,82,Yes,No,No,202945,Low
Aarav,S638,12,Male,55,No,No,45,Half,Yes,Yes,61714,High
Fiza,S639,11,Female,84,Yes,Yes,93,Yes,No,No,191971,Low
Vivaan,S640,11,Male,60,No,No,49,No,Yes,Yes,64879,High
Bhairavi,S641,13,Female,62,No,No,35,No,Yes,Yes,70930,High
Ayaan,S642,14,Male,80,Yes,Yes,82,Yes,No,No,191038,Low
Dev,S643,13,Male,57,No,No,48,Half,Yes,Yes,61572,High
Anika,S644,13,Female,92,Yes,Yes,91,Yes,No,No,165986,Low
Urvi,S645,13,Female,68,No,No,42,No,Yes,Yes,66977,High
Shivansh,S646,14,Male,71,No,Yes,65,Half,Yes,No,96554,Medium
Eshani,S647,13,Female,75,No,Yes,57,Half,Yes,No,117018,Medium
Rajveer,S648,14,Male,92,Yes,Yes,89,Yes,No,No,162385,Low
Fiza,S649,15,Female,73,No,Yes,63,Half,Yes,No,102344,Medium
Urvi,S650,14,Female,66,No,No,38,No,Yes,Yes,76573,High
Charvi,S651,12,Female,95,Yes,Yes,85,Yes,No,No,222946,Low
Janya,S652,14,Female,76,No,Yes,66,Half,No,No,117251,Medium
Ira,S653,10,Female,86,Yes,Yes,78,Yes,No,No,177727,Low
Feba,S654,11,Female,70,No,Yes,60,Half,No,No,107811,Medium
Eklavya,S655,13,Male,77,No,No,59,Half,Yes,No,91480,Medium
Saanvi,S656,13,Female,76,No,Yes,61,Half,Yes,No,95168,Medium
Jia,S657,13,Female,58,No,No,40,No,Yes,Yes,62438,High
Vaidehi,S658,14,Female,89,Yes,Yes,85,Yes,No,No,150826,Low
Diya,S659,13,Female,87,Yes,Yes,91,Yes,No,No,215024,Low
Amaira,S660,12,Female,69,No,No,36,Half,Yes,Yes,70091,High
Nishtha,S661,15,Female,60,No,No,41,Half,Yes,Yes,66801,High
Shaurya,S662,11,Male,77,No,Yes,64,Half,No,No,94864,Medium
Kian,S663,11,Male,90,Yes,No,93,Yes,No,No,222293,Low
Arnav,S664,10,Male,74,No,Yes,57,Half,Yes,No,98678,Medium
Avni,S665,10,Female,79,No,No,64,Half,Yes,No,121021,Medium
Sahil,S666,13,Male,58,No,No,44,Half,Yes,Yes,73392,High
Rishi,S667,10,Male,90,Yes,Yes,82,Yes,No,No,136408,Low
Rudra,S668,12,Male,80,No,Yes,64,Half,Yes,No,120552,Medium
Arnav,S669,12,Male,96,Yes,Yes,76,Yes,No,No,173731,Low
Reyan,S670,12,Male,97,Yes,No,95,Yes,No,No,233673,Low
Feba,S671,15,Female,57,No,No,45,No,Yes,Yes,73531,High
Rudransh,S672,11,Male,70,No,No,61,Half,No,No,95484,Medium
Ahaan,S673,14,Male,79,No,Yes,65,Half,No,No,108401,Medium
Shaurya,S674,13,Male,90,Yes,No,81,Yes,No,No,229830,Low
Aarohi,S675,13,Female,80,No,No,63,Half,Yes,No,94993,Medium
Feba,S676,13,Female,80,Yes,No,95,Yes,No,No,200753,Low
Leela,S677,10,Female,83,Yes,Yes,88,Yes,No,No,213016,Low
Rohan,S678,11,Male,66,No,No,46,Half,Yes,Yes,71136,High
Kartik,S679,10,Male,92,Yes,Yes,76,Yes,No,No,234361,Low
Mahika,S680,13,Female,78,No,No,61,Half,No,No,94111,Medium
Yash,S681,14,Male,85,Yes,Yes,92,Yes,No,No,193383,Low
Ahaan,S682,14,Male,81,Yes,Yes,81,Yes,No,No,141678,Low
Ishaan,S683,10,Male,59,No,No,40,Half,Yes,Yes,58650,High
Gargi,S684,13,Female,58,No,No,45,No,Yes,Yes,55051,High
Esha,S685,11,Female,60,No,No,40,Half,Yes,Yes,64381,High
Elan,S686,14,Male,62,No,No,45,Half,Yes,Yes,57108,High
Divit,S687,11,Male,83,Yes,Yes,78,Yes,No,No,161093,Low
Saanvi,S688,14,Female,80,Yes,No,76,Yes,No,No,193644,Low
Faiz,S689,13,Male,95,Yes,Yes,82,Yes,No,No,147835,Low
Aarav,S690,14,Male,79,No,Yes,63,Half,No,No,95343,Medium
Ishita,S691,14,Female,95,Yes,No,79,Yes,No,No,191120,Low
Elakshi,S692,14,Female,79,No,No,56,Half,No,No,119748,Medium
Aadhya,S693,10,Female,97,Yes,Yes,76,Yes,No,No,140075,Low
Neel,S694,14,Male,93,Yes,Yes,95,Yes,No,No,135659,Low
Rudransh,S695,10,Male,87,Yes,Yes,90,Yes,No,No,188876,Low
Aanya,S696,14,Female,57,No,No,49,No,Yes,Yes,55985,High
Zaid,S697,11,Male,87,Yes,Yes,92,Yes,No,No,178344,Low
Aanya,S698,15,Female,80,No,No,55,Half,No,No,121593,Medium
Rudra,S699,11,Male,57,No,No,43,Half,Yes,Yes,63780,High
Aayush,S700,15,Male,75,No,Yes,55,Half,Yes,No,90246,Medium
Ananya,S701,15,Female,92,Yes,Yes,87,Yes,No,No,217032,Low
Veer,S702,12,Male,76,No,Yes,65,Half,No,No,116039,Medium
Riya,S703,13,Female,61,No,No,40,Half,Yes,Yes,75557,High
Yuvraj,S704,12,Male,83,Yes,No,73,Yes,No,No,189470,Low
Yash,S705,10,Male,96,Yes,Yes,92,Yes,No,No,204858,Low
Aadhya,S706,15,Female,78,No,Yes,57,Half,Yes,No,108518,Medium
Tanaya,S707,15,Female,61,No,No,44,No,Yes,Yes,71159,High
Yatin,S708,10,Male,69,No,Yes,53,Half,Yes,No,91203,Medium
Pari,S709,11,Female,67,No,No,41,No,Yes,Yes,63183,High
Chhavi,S710,11,Female,80,Yes,No,92,Yes,No,No,142089,Low
Rohan,S711,15,Male,75,No,No,60,Half,No,No,110983,Medium
Vansh,S712,15,Male,75,No,No,54,Half,Yes,No,112076,Medium
Reyan,S713,15,Male,96,Yes,Yes,96,Yes,No,No,186397,Low
Aarav,S714,10,Male,78,No,Yes,58,Half,No,No,107733,Medium
Arnav,S715,12,Male,98,Yes,Yes,94,Yes,No,No,136178,Low
Vanya,S716,14,Female,96,Yes,Yes,76,Yes,No,No,190831,Low
Vansh,S717,13,Male,91,Yes,No,73,Yes,No,No,154393,Low
Jasleen,S718,13,Female,88,Yes,Yes,96,Yes,No,No,135475,Low
Myra,S719,14,Female,95,Yes,No,88,Yes,No,No,234580,Low
Jia,S720,13,Female,78,No,No,63,Half,Yes,No,94712,Medium
Rudransh,S721,13,Male,91,Yes,No,73,Yes,No,No,162926,Low
Shivansh,S722,14,Male,59,No,No,38,No,Yes,Yes,61800,High
Krishna,S723,15,Male,97,Yes,No,96,Yes,No,No,197711,Low
Pari,S724,11,Female,69,No,No,40,Half,Yes,Yes,61746,High
Harsh,S725,11,Male,82,Yes,Yes,87,Yes,No,No,139188,Low
Rudra,S726,12,Male,88,Yes,Yes,84,Yes,No,No,227506,Low
Fiza,S727,12,Female,70,No,No,54,Half,No,No,113683,Medium
Tanaya,S728,13,Female,98,Yes,Yes,76,Yes,No,No,147716,Low
Harsh,S729,14,Male,61,No,No,38,Half,Yes,Yes,72033,High
Wasim,S730,13,Male,97,Yes,No,86,Yes,No,No,199053,Low
Kiara,S731,15,Female,82,Yes,Yes,73,Yes,No,No,171264,Low
Aayush,S732,10,Male,57,No,No,38,Half,Yes,Yes,66370,High
Reyan,S733,10,Male,77,No,No,64,Half,No,No,123550,Medium
Diya,S734,11,Female,91,Yes,No,74,Yes,No,No,207638,Low
Sanya,S735,10,Female,71,No,Yes,54,Half,Yes,No,95977,Medium
Reyansh,S736,14,Male,74,No,Yes,58,Half,Yes,No,100725,Medium
Devanshi,S737,14,Female,63,No,No,35,No,Yes,Yes,74251,High
Gargi,S738,12,Female,63,No,No,40,Half,Yes,Yes,62803,High
Manan,S739,12,Male,77,No,No,57,Half,No,No,90801,Medium
Aryan,S740,10,Male,89,Yes,Yes,79,Yes,No,No,224525,Low
Elan,S741,13,Male,65,No,No,47,Half,Yes,Yes,64420,High
Nitya,S742,10,Female,81,Yes,No,89,Yes,No,No,167092,Low
Ananya,S743,14,Female,80,No,Yes,63,Half,No,No,108795,Medium
Zaid,S744,13,Male,74,No,No,57,Half,Yes,No,103574,Medium
Arnav,S745,15,Male,82,Yes,No,93,Yes,No,No,190770,Low
Elan,S746,15,Male,66,No,No,40,Half,Yes,Yes,63810,High
Aanya,S747,11,Female,82,Yes,Yes,77,Yes,No,No,192275,Low
Jia,S748,14,Female,91,Yes,Yes,82,Yes,No,No,179290,Low
Rajveer,S749,12,Male,96,Yes,Yes,90,Yes,No,No,234808,Low
Wasim,S750,13,Male,73,No,Yes,64,Half,No,No,124094,Medium
Arnav,S751,10,Male,57,No,No,39,Half,Yes,Yes,76921,High
Aarush,S752,14,Male,70,No,Yes,55,Half,Yes,No,98617,Medium
Fiza,S753,15,Female,66,No,No,45,No,Yes,Yes,56346,High
Larisa,S754,10,Female,80,Yes,Yes,89,Yes,No,No,226986,Low
Ayaan,S755,14,Male,83,Yes,Yes,92,Yes,No,No,189029,Low
Bhuvan,S756,11,Male,77,No,Yes,53,Half,No,No,117738,Medium
Jasleen,S757,13,Female,80,Yes,Yes,93,Yes,No,No,163774,Low
Kashvi,S758,11,Female,79,No,No,62,Half,Yes,No,112365,Medium
Bhanu,S759,12,Male,57,No,No,39,No,Yes,Yes,76345,High
Mahika,S760,11,Female,61,No,No,43,Half,Yes,Yes,76580,High
Nishtha,S761,14,Female,84,Yes,No,81,Yes,No,No,192556,Low
Parth,S762,10,Male,78,No,No,58,Half,No,No,111972,Medium
Kiaan,S763,14,Male,66,No,No,46,Half,Yes,Yes,67500,High
Tejas,S764,12,Male,97,Yes,Yes,73,Yes,No,No,221517,Low
Esha,S765,12,Female,87,Yes,No,90,Yes,No,No,221015,Low
Tanaya,S766,14,Female,98,Yes,Yes,89,Yes,No,No,202038,Low
Nitya,S767,10,Female,57,No,No,43,Half,Yes,Yes,57532,High
Wasim,S768,11,Male,73,No,Yes,56,Half,No,No,120989,Medium
Ayaan,S769,15,Male,58,No,No,39,Half,Yes,Yes,67474,High
Atharv,S770,14,Male,75,No,No,58,Half,No,No,96670,Medium
Riya,S771,14,Female,63,No,No,35,Half,Yes,Yes,58045,High
Gargi,S772,10,Female,60,No,No,39,No,Yes,Yes,55925,High
Navya,S773,12,Female,69,No,Yes,65,Half,No,No,116164,Medium
Ananya,S774,12,Female,71,No,Yes,65,Half,Yes,No,93958,Medium
Yatin,S775,11,Male,81,Yes,No,72,Yes,No,No,227569,Low
Shaurya,S776,15,Male,94,Yes,No,92,Yes,No,No,203342,Low
Ushna,S777,13,Female,84,Yes,Yes,87,Yes,No,No,202008,Low
Fiza,S778,14,Female,66,No,No,37,No,Yes,Yes,74737,High
Zara,S779,11,Female,69,No,Yes,59,Half,No,No,105468,Medium
Sanya,S780,12,Female,56,No,No,41,No,Yes,Yes,71749,High
Elakshi,S781,13,Female,69,No,Yes,58,Half,No,No,93043,Medium
Kiara,S782,14,Female,79,No,No,64,Half,Yes,No,127483,Medium
Navya,S783,11,Female,62,No,No,36,No,Yes,Yes,58112,High
Aarohi,S784,10,Female,79,No,No,65,Half,Yes,No,116269,Medium
Zaid,S785,14,Male,95,Yes,Yes,79,Yes,No,No,211378,Low
Wasim,S786,11,Male,70,No,No,66,Half,Yes,No,109180,Medium
Dhruv,S787,11,Male,64,No,No,40,Half,Yes,Yes,70912,High
Aditi,S788,14,Female,80,No,No,56,Half,Yes,No,97657,Medium
Riya,S789,14,Female,96,Yes,Yes,91,Yes,No,No,212808,Low
Kiaan,S790,11,Male,94,Yes,Yes,73,Yes,No,No,189905,Low
Ojas,S791,14,Male,88,Yes,Yes,91,Yes,No,No,187071,Low
Daksh,S792,13,Male,86,Yes,No,77,Yes,No,No,209617,Low
Navya,S793,12,Female,89,Yes,Yes,87,Yes,No,No,191312,Low
Kashvi,S794,15,Female,76,No,No,61,Half,Yes,No,100515,Medium
Arnav,S795,14,Male,60,No,No,37,Half,Yes,Yes,66238,High
Kartik,S796,11,Male,89,Yes,Yes,84,Yes,No,No,137140,Low
Ananya,S797,15,Female,88,Yes,No,85,Yes,No,No,212104,Low
Yuvraj,S798,15,Male,91,Yes,Yes,74,Yes,No,No,234182,Low
Aryan,S799,14,Male,78,No,Yes,54,Half,Yes,No,102493,Medium
Charvi,S800,15,Female,69,No,No,54,Half,Yes,No,111436,Medium
Gargi,S801,11,Female,85,Yes,Yes,90,Yes,No,No,151441,Low
Siya,S802,12,Female,79,No,Yes,62,Half,No,No,115888,Medium
Faiz,S803,10,Male,72,No,No,58,Half,Yes,No,120767,Medium
Elakshi,S804,15,Female,59,No,No,37,Half,Yes,Yes,67833,High
Rudransh,S805,11,Male,88,Yes,Yes,90,Yes,No,No,207075,Low
Janya,S806,12,Female,88,Yes,Yes,86,Yes,No,No,181054,Low
Ridhi,S807,14,Female,98,Yes,Yes,91,Yes,No,No,218535,Low
Avni,S808,14,Female,84,Yes,Yes,80,Yes,No,No,221719,Low
Damini,S809,12,Female,73,No,No,53,Half,No,No,93732,Medium
Veer,S810,15,Male,76,No,No,64,Half,No,No,93917,Medium
Naman,S811,10,Male,61,No,No,46,No,Yes,Yes,66929,High
Yuvraj,S812,15,Male,60,No,No,38,Half,Yes,Yes,73738,High
Oviya,S813,10,Female,75,No,Yes,55,Half,Yes,No,120938,Medium
Ridhi,S814,11,Female,59,No,No,38,Half,Yes,Yes,57144,High
Chhavi,S815,15,Female,67,No,No,40,Half,Yes,Yes,55166,High
Urvi,S816,15,Female,64,No,No,40,No,Yes,Yes,63094,High
Siya,S817,11,Female,93,Yes,Yes,76,Yes,No,No,192555,Low
Aryan,S818,11,Male,70,No,Yes,62,Half,No,No,97267,Medium
Vanya,S819,13,Female,69,No,No,40,Half,Yes,Yes,68250,High
Chhavi,S820,11,Female,86,Yes,Yes,72,Yes,No,No,138184,Low
Advik,S821,11,Male,98,Yes,No,93,Yes,No,No,196228,Low
Amaira,S822,13,Female,55,No,No,40,Half,Yes,Yes,73264,High
Darsh,S823,15,Male,66,No,No,36,No,Yes,Yes,68454,High
Ishita,S824,15,Female,71,No,Yes,65,Half,No,No,107956,Medium
Feba,S825,11,Female,87,Yes,No,85,Yes,No,No,189774,Low
Amaira,S826,15,Female,85,Yes,Yes,92,Yes,No,No,159597,Low
Reyansh,S827,15,Male,69,No,No,53,Half,No,No,91418,Medium
Ridhi,S828,10,Female,70,No,No,61,Half,Yes,No,125319,Medium
Idika,S829,11,Female,57,No,No,35,Half,Yes,Yes,73817,High
Trisha,S830,10,Female,94,Yes,Yes,92,Yes,No,No,151796,Low
Anika,S831,14,Female,67,No,No,43,No,Yes,Yes,68346,High
Darsh,S832,14,Male,85,Yes,Yes,87,Yes,No,No,179961,Low
Chhavi,S833,10,Female,57,No,No,41,No,Yes,Yes,73537,High
Shivansh,S834,10,Male,80,Yes,Yes,72,Yes,No,No,193906,Low
Vanya,S835,15,Female,81,Yes,No,81,Yes,No,No,138283,Low
Yug,S836,15,Male,81,Yes,Yes,86,Yes,No,No,135860,Low
Meher,S837,11,Female,69,No,No,41,No,Yes,Yes,69842,High
Naman,S838,11,Male,56,No,No,42,Half,Yes,Yes,74751,High
Xara,S839,14,Female,94,Yes,Yes,85,Yes,No,No,166235,Low
Aarav,S840,13,Male,62,No,No,35,Half,Yes,Yes,57353,High
Sanya,S841,14,Female,86,Yes,Yes,96,Yes,No,No,201705,Low
Palak,S842,14,Female,71,No,Yes,56,Half,No,No,98190,Medium
Vedant,S843,14,Male,76,No,No,53,Half,No,No,126628,Medium
Aarav,S844,13,Male,61,No,No,46,Half,Yes,Yes,57794,High
Avni,S845,11,Female,96,Yes,Yes,79,Yes,No,No,163312,Low
Divit,S846,14,Male,91,Yes,Yes,76,Yes,No,No,164689,Low
Ira,S847,15,Female,56,No,No,39,No,Yes,Yes,57789,High
Atharv,S848,11,Male,62,No,No,43,No,Yes,Yes,68991,High
Krishna,S849,10,Male,68,No,No,39,Half,Yes,Yes,68556,High
Larisa,S850,11,Female,79,No,No,59,Half,No,No,98287,Medium
Nishtha,S851,14,Female,88,Yes,No,81,Yes,No,No,208636,Low
Ira,S852,11,Female,68,No,No,42,No,Yes,Yes,57897,High
Zeenat,S853,13,Female,94,Yes,No,81,Yes,No,No,155390,Low
Bhuvan,S854,11,Male,73,No,No,60,Half,No,No,93476,Medium
Rajveer,S855,13,Male,94,Yes,No,77,Yes,No,No,223080,Low
Ayaan,S856,15,Male,68,No,No,44,Half,Yes,Yes,66024,High
Qiara,S857,13,Female,94,Yes,Yes,86,Yes,No,No,216002,Low
Palak,S858,13,Female,94,Yes,Yes,73,Yes,No,No,163802,Low
Esha,S859,13,Female,62,No,No,44,No,Yes,Yes,71856,High
Advait,S860,13,Male,60,No,No,48,Half,Yes,Yes,58705,High
Pari,S861,13,Female,86,Yes,No,90,Yes,No,No,154441,Low
Ivy,S862,11,Female,63,No,No,39,No,Yes,Yes,68991,High
Pari,S863,13,Female,85,Yes,Yes,76,Yes,No,No,144407,Low
Aadi,S864,14,Male,74,No,No,61,Half,No,No,99571,Medium
Ikshan,S865,11,Male,71,No,No,63,Half,No,No,116874,Medium
Daksh,S866,12,Male,77,No,Yes,63,Half,No,No,98266,Medium
Aanya,S867,15,Female,56,No,No,41,Half,Yes,Yes,68196,High
Ishita,S868,12,Female,65,No,No,42,Half,Yes,Yes,55090,High
Vihaan,S869,14,Male,67,No,No,37,No,Yes,Yes,61545,High
Aryan,S870,12,Male,73,No,No,58,Half,No,No,115583,Medium
Dhruv,S871,11,Male,65,No,No,38,No,Yes,Yes,66582,High
Shaurya,S872,15,Male,59,No,No,40,Half,Yes,Yes,61287,High
Chinmay,S873,14,Male,89,Yes,Yes,96,Yes,No,No,215906,Low
Shaurya,S874,12,Male,69,No,No,56,Half,No,No,127492,Medium
Fahad,S875,11,Male,78,No,No,54,Half,No,No,95264,Medium
Ojas,S876,11,Male,74,No,Yes,64,Half,No,No,127486,Medium
Daksh,S877,15,Male,73,No,Yes,61,Half,No,No,100220,Medium
Devanshi,S878,13,Female,67,No,No,41,Half,Yes,Yes,55633,High
Shaurya,S879,15,Male,66,No,No,46,Half,Yes,Yes,70733,High
Navya,S880,10,Female,74,No,Yes,56,Half,No,No,119619,Medium
Ira,S881,15,Female,83,Yes,No,80,Yes,No,No,167716,Low
Vihaan,S882,12,Male,75,No,Yes,62,Half,Yes,No,92067,Medium
Parth,S883,10,Male,96,Yes,Yes,72,Yes,No,No,226633,Low
Aadhya,S884,10,Female,64,No,No,45,No,Yes,Yes,67289,High
Esha,S885,12,Female,91,Yes,No,80,Yes,No,No,187891,Low
Chhavi,S886,10,Female,73,No,No,59,Half,No,No,98830,Medium
Prithvi,S887,10,Male,66,No,No,39,Half,Yes,Yes,73366,High
Daksh,S888,15,Male,64,No,No,36,No,Yes,Yes,70573,High
Ivy,S889,13,Female,80,No,Yes,59,Half,No,No,124446,Medium
Dev,S890,12,Male,91,Yes,Yes,78,Yes,No,No,176203,Low
Yashvi,S891,11,Female,77,No,Yes,57,Half,No,No,111256,Medium
Leela,S892,12,Female,79,No,Yes,65,Half,Yes,No,105996,Medium
Esha,S893,10,Female,84,Yes,No,75,Yes,No,No,152890,Low
Aarav,S894,14,Male,57,No,No,36,No,Yes,Yes,62437,High
Atharv,S895,11,Male,56,No,No,38,No,Yes,Yes,59540,High
Dhruv,S896,13,Male,81,Yes,Yes,74,Yes,No,No,196460,Low
Chitra,S897,10,Female,70,No,Yes,54,Half,Yes,No,101694,Medium
Jasleen,S898,14,Female,85,Yes,No,76,Yes,No,No,152123,Low
Vaidehi,S899,14,Female,65,No,No,38,No,Yes,Yes,76385,High
Darsh,S900,13,Male,87,Yes,No,78,Yes,No,No,151283,Low
Naman,S901,13,Male,82,Yes,Yes,77,Yes,No,No,217442,Low
Zaid,S902,15,Male,96,Yes,Yes,94,Yes,No,No,212079,Low
Hiya,S903,15,Female,77,No,No,62,Half,No,No,119253,Medium
Fahad,S904,13,Male,70,No,No,63,Half,Yes,No,104820,Medium
Aanya,S905,10,Female,76,No,Yes,58,Half,No,No,126745,Medium
Harsh,S906,13,Male,69,No,No,63,Half,No,No,112969,Medium
Nishtha,S907,13,Female,94,Yes,No,96,Yes,No,No,160065,Low
Reyansh,S908,13,Male,62,No,No,40,No,Yes,Yes,76222,High
Krishna,S909,10,Male,71,No,Yes,64,Half,Yes,No,112566,Medium
Yug,S910,14,Male,73,No,No,58,Half,No,No,90593,Medium
Ishita,S911,12,Female,76,No,No,62,Half,No,No,101539,Medium
Aarohi,S912,15,Female,86,Yes,No,90,Yes,No,No,161501,Low
Jatin,S913,11,Male,76,No,No,64,Half,Yes,No,95804,Medium
Ivy,S914,10,Female,84,Yes,Yes,76,Yes,No,No,203723,Low
Divit,S915,13,Male,68,No,No,38,No,Yes,Yes,63288,High
Manan,S916,14,Male,63,No,No,37,No,Yes,Yes,65075,High
Harsh,S906,13,Male,69,No,No,63,Half,No,No,112969,Medium
Nishtha,S907,13,Female,94,Yes,No,96,Yes,No,No,160065,Low
Reyansh,S908,13,Male,62,No,No,40,No,Yes,Yes,76222,High
Krishna,S909,10,Male,71,No,Yes,64,Half,Yes,No,112566,Medium
Yug,S910,14,Male,73,No,No,58,Half,No,No,90593,Medium
Ishita,S911,12,Female,76,No,No,62,Half,No,No,101539,Medium
Aarohi,S912,15,Female,86,Yes,No,90,Yes,No,No,161501,Low
Jatin,S913,11,Male,76,No,No,64,Half,Yes,No,95804,Medium
Ivy,S914,10,Female,84,Yes,Yes,76,Yes,No,No,203723,Low
Divit,S915,13,Male,68,No,No,38,No,Yes,Yes,63288,High
Manan,S916,14,Male,63,No,No,37,No,Yes,Yes,65075,High
Ayaan,S917,14,Male,91,Yes,Yes,96,Yes,No,No,201850,Low
Larisa,S918,11,Female,83,Yes,Yes,74,Yes,No,No,147073,Low
Prisha,S919,10,Female,98,Yes,No,75,Yes,No,No,183731,Low
Gagan,S920,11,Male,77,No,Yes,55,Half,No,No,104776,Medium
Eshani,S921,10,Female,78,No,Yes,65,Half,Yes,No,118840,Medium
Leela,S922,13,Female,98,Yes,Yes,77,Yes,No,No,206675,Low
Ishita,S923,11,Female,74,No,No,53,Half,No,No,102392,Medium
Fiza,S924,12,Female,69,No,Yes,63,Half,Yes,No,93041,Medium
Sanya,S925,14,Female,58,No,No,38,No,Yes,Yes,70009,High
Sahil,S926,12,Male,80,Yes,No,82,Yes,No,No,207811,Low
Manan,S927,13,Male,60,No,No,38,No,Yes,Yes,75650,High
Kiara,S928,12,Female,63,No,No,46,Half,Yes,Yes,76488,High
Meher,S929,11,Female,97,Yes,Yes,87,Yes,No,No,188378,Low
Aadhya,S930,14,Female,83,Yes,Yes,89,Yes,No,No,135448,Low
Dhruv,S931,12,Male,83,Yes,Yes,86,Yes,No,No,204682,Low
Kashvi,S932,11,Female,60,No,No,44,Half,Yes,Yes,56706,High
Vansh,S933,11,Male,81,Yes,No,93,Yes,No,No,234965,Low
Feba,S934,13,Female,80,No,Yes,63,Half,No,No,94732,Medium
Bhuvan,S935,15,Male,62,No,No,46,No,Yes,Yes,60728,High
Meher,S936,11,Female,72,No,Yes,59,Half,Yes,No,95530,Medium
Nishtha,S937,13,Female,64,No,No,49,Half,Yes,Yes,67282,High
Hemlata,S938,11,Female,79,No,Yes,63,Half,No,No,92766,Medium
Chinmay,S939,14,Male,93,Yes,No,77,Yes,No,No,233276,Low
Neel,S940,13,Male,91,Yes,No,96,Yes,No,No,170090,Low
Amaira,S941,15,Female,71,No,Yes,57,Half,Yes,No,123655,Medium
Nirvaan,S942,12,Male,80,Yes,Yes,88,Yes,No,No,209458,Low
Gargi,S943,10,Female,80,No,No,56,Half,Yes,No,102880,Medium
Yash,S944,11,Male,56,No,No,39,No,Yes,Yes,69762,High
Ivy,S945,10,Female,98,Yes,No,94,Yes,No,No,165256,Low
Reyan,S946,13,Male,68,No,No,36,Half,Yes,Yes,57935,High
Chitra,S947,15,Female,69,No,No,59,Half,No,No,102280,Medium
Bhairavi,S948,12,Female,95,Yes,Yes,81,Yes,No,No,148840,Low
Ushna,S949,12,Female,84,Yes,Yes,85,Yes,No,No,202716,Low
Navya,S950,15,Female,56,No,No,42,Half,Yes,Yes,76494,High
Kiaan,S951,12,Male,90,Yes,Yes,75,Yes,No,No,199474,Low
Reyan,S952,10,Male,75,No,No,57,Half,No,No,101755,Medium
Warda,S953,11,Female,72,No,Yes,59,Half,Yes,No,97551,Medium
Ojas,S954,11,Male,76,No,No,65,Half,Yes,No,117147,Medium
Zara,S955,15,Female,69,No,No,42,No,Yes,Yes,74399,High
Divit,S956,13,Male,80,No,Yes,59,Half,Yes,No,110219,Medium
Vihaan,S957,11,Male,82,Yes,Yes,73,Yes,No,No,214065,Low
Nishtha,S958,11,Female,73,No,No,61,Half,Yes,No,127211,Medium
Urvi,S959,15,Female,64,No,No,48,No,Yes,Yes,55280,High
Hrithik,S960,13,Male,75,No,No,64,Half,Yes,No,126116,Medium
Damini,S961,15,Female,75,No,No,57,Half,No,No,97091,Medium
Kashvi,S962,11,Female,92,Yes,Yes,87,Yes,No,No,167655,Low
Arjav,S963,12,Male,78,No,No,56,Half,Yes,No,117917,Medium
Rajveer,S964,10,Male,62,No,No,46,No,Yes,Yes,69073,High
Fiza,S965,10,Female,78,No,Yes,53,Half,Yes,No,124890,Medium
Yug,S966,13,Male,65,No,No,46,No,Yes,Yes,64932,High
Aarohi,S967,11,Female,65,No,No,49,No,Yes,Yes,74356,High
Aditi,S968,10,Female,91,Yes,Yes,89,Yes,No,No,172015,Low
Tanaya,S969,15,Female,92,Yes,Yes,78,Yes,No,No,168190,Low
Sahil,S970,10,Male,92,Yes,Yes,85,Yes,No,No,160298,Low
Trisha,S971,13,Female,63,No,No,38,No,Yes,Yes,58734,High
Kartik,S972,13,Male,83,Yes,No,73,Yes,No,No,167476,Low
Advait,S973,13,Male,59,No,No,41,No,Yes,Yes,68416,High
Zaid,S974,11,Male,73,No,Yes,59,Half,Yes,No,111833,Medium
Krishna,S975,12,Male,72,No,Yes,63,Half,Yes,No,92531,Medium
Yug,S976,12,Male,79,No,No,55,Half,Yes,No,93852,Medium
Aarush,S977,14,Male,69,No,No,49,Half,Yes,Yes,57294,High
Dhruv,S978,14,Male,80,Yes,Yes,90,Yes,No,No,173454,Low
Disha,S979,12,Female,56,No,No,41,No,Yes,Yes,68365,High
Reyan,S980,13,Male,84,Yes,Yes,94,Yes,No,No,193931,Low
Rohan,S981,12,Male,89,Yes,Yes,84,Yes,No,No,142442,Low
Jatin,S982,12,Male,65,No,No,49,No,Yes,Yes,72568,High
Madhav,S983,12,Male,55,No,No,48,Half,Yes,Yes,71839,High
Yuvraj,S984,14,Male,88,Yes,Yes,96,Yes,No,No,199307,Low
Urvi,S985,15,Female,80,No,No,60,Half,No,No,97614,Medium
Chinmay,S986,12,Male,61,No,No,37,Half,Yes,Yes,61185,High
Idika,S987,13,Female,98,Yes,Yes,76,Yes,No,No,161840,Low
Warda,S988,11,Female,70,No,No,56,Half,No,No,94789,Medium
Palak,S989,14,Female,56,No,No,35,No,Yes,Yes,61742,High
Feba,S990,15,Female,98,Yes,No,79,Yes,No,No,230228,Low
Yash,S991,12,Male,80,No,Yes,56,Half,No,No,124183,Medium
Xara,S992,10,Female,65,No,No,40,No,Yes,Yes,60889,High
Atharv,S993,14,Male,90,Yes,Yes,79,Yes,No,No,208441,Low
Neel,S994,11,Male,86,Yes,No,93,Yes,No,No,207802,Low
Ishita,S995,12,Female,73,No,Yes,55,Half,No,No,126103,Medium
Elan,S996,15,Male,57,No,No,44,Half,Yes,Yes,67290,High
Yatin,S997,11,Male,91,Yes,Yes,85,Yes,No,No,192703,Low
Aarush,S998,10,Male,73,No,Yes,64,Half,Yes,No,125570,Medium
Warda,S999,14,Female,62,No,No,38,Half,Yes,Yes,63146,High
Leela,S1000,12,Female,89,Yes,Yes,78,Yes,No,No,145594,Low
Charvi,S1001,15,Female,77,No,Yes,54,Half,No,No,126245,Medium
Siya,S1002,15,Female,60,No,No,43,No,Yes,Yes,57003,High
Yuvraj,S1003,15,Male,82,Yes,No,72,Yes,No,No,234278,Low
Lakshay,S1004,14,Male,88,Yes,Yes,79,Yes,No,No,147298,Low
Yug,S1005,13,Male,87,Yes,Yes,90,Yes,No,No,165881,Low
Rohan,S1006,11,Male,87,Yes,Yes,94,Yes,No,No,157364,Low
Zara,S1007,15,Female,80,No,Yes,65,Half,No,No,97678,Medium
Jatin,S1008,15,Male,73,No,Yes,63,Half,Yes,No,106000,Medium
Jatin,S1009,14,Male,59,No,No,35,No,Yes,Yes,74749,High
Neel,S1010,12,Male,85,Yes,Yes,80,Yes,No,No,142232,Low
Arnav,S1011,15,Male,61,No,No,35,No,Yes,Yes,73324,High
Aayush,S1012,10,Male,91,Yes,Yes,88,Yes,No,No,142726,Low
Kiaan,S1013,14,Male,65,No,No,39,No,Yes,Yes,60665,High
Gagan,S1014,13,Male,66,No,No,38,No,Yes,Yes,65037,High
Bhuvan,S1015,12,Male,87,Yes,No,88,Yes,No,No,215554,Low
Myra,S1016,13,Female,90,Yes,Yes,93,Yes,No,No,145895,Low
Ridhi,S1017,10,Female,93,Yes,Yes,76,Yes,No,No,149177,Low
Charvak,S1018,13,Male,96,Yes,Yes,81,Yes,No,No,168927,Low
Gagan,S1019,12,Male,94,Yes,No,73,Yes,No,No,194434,Low
Krishna,S1020,12,Male,94,Yes,Yes,83,Yes,No,No,145083,Low
Elan,S1021,14,Male,95,Yes,No,77,Yes,No,No,164704,Low
Darsh,S1022,10,Male,87,Yes,No,84,Yes,No,No,182841,Low
Tanaya,S1023,15,Female,93,Yes,No,77,Yes,No,No,162307,Low
Advik,S1024,15,Male,56,No,No,44,Half,Yes,Yes,55582,High
Vanya,S1025,11,Female,69,No,No,47,Half,Yes,Yes,59690,High
Ira,S1026,12,Female,88,Yes,Yes,76,Yes,No,No,172295,Low
Vedant,S1027,12,Male,79,No,No,55,Half,Yes,No,106884,Medium
Vaidehi,S1028,14,Female,71,No,Yes,62,Half,Yes,No,100634,Medium
Jasleen,S1029,12,Female,96,Yes,Yes,74,Yes,No,No,164293,Low
Ridhi,S1030,15,Female,63,No,No,38,Half,Yes,Yes,65456,High
Nirvaan,S1031,15,Male,56,No,No,41,Half,Yes,Yes,66629,High
Jia,S1032,12,Female,73,No,No,61,Half,Yes,No,97549,Medium
Sanya,S1033,11,Female,86,Yes,No,84,Yes,No,No,233299,Low
Reyansh,S1034,13,Male,75,No,No,55,Half,Yes,No,101063,Medium
Sahil,S1035,14,Male,59,No,No,44,No,Yes,Yes,69527,High
Idika,S1036,11,Female,82,Yes,Yes,81,Yes,No,No,200584,Low
Yuvraj,S1037,15,Male,98,Yes,Yes,95,Yes,No,No,175721,Low
Hemlata,S1038,11,Female,66,No,No,36,No,Yes,Yes,72876,High
Xara,S1039,12,Female,84,Yes,Yes,93,Yes,No,No,211422,Low
Elakshi,S1040,13,Female,96,Yes,Yes,74,Yes,No,No,201762,Low
Naman,S1041,15,Male,61,No,No,44,Half,Yes,Yes,63768,High
Aayush,S1042,12,Male,79,No,Yes,60,Half,No,No,111097,Medium
Hemlata,S1043,10,Female,79,No,Yes,59,Half,Yes,No,102278,Medium
Devanshi,S1044,11,Female,89,Yes,Yes,91,Yes,No,No,180362,Low
Aarush,S1045,13,Male,67,No,No,40,Half,Yes,Yes,64217,High
Tanish,S1046,12,Male,79,No,No,65,Half,No,No,113265,Medium
Reyan,S1047,12,Male,61,No,No,48,Half,Yes,Yes,55564,High
Divit,S1048,11,Male,90,Yes,Yes,94,Yes,No,No,148660,Low
Rudransh,S1049,14,Male,71,No,Yes,66,Half,No,No,120206,Medium
Kiara,S1050,15,Female,60,No,No,47,Half,Yes,Yes,67378,High
Nirvaan,S1051,13,Male,83,Yes,Yes,91,Yes,No,No,176069,Low
Kashvi,S1052,15,Female,76,No,No,64,Half,No,No,112927,Medium
Aditi,S1053,11,Female,80,No,No,60,Half,Yes,No,98886,Medium
Gauri,S1054,12,Female,83,Yes,Yes,85,Yes,No,No,167881,Low
Wasim,S1055,10,Male,90,Yes,Yes,81,Yes,No,No,207143,Low
Utkarsh,S1056,11,Male,82,Yes,Yes,88,Yes,No,No,192893,Low
Rhea,S1057,11,Female,67,No,No,49,No,Yes,Yes,67753,High
Devanshi,S1058,13,Female,98,Yes,Yes,78,Yes,No,No,163730,Low
Hrithik,S1059,13,Male,61,No,No,38,No,Yes,Yes,57967,High
Hiya,S1060,12,Female,78,No,No,58,Half,Yes,No,107176,Medium
Zara,S1061,15,Female,80,No,No,62,Half,No,No,124015,Medium
Tejas,S1062,11,Male,66,No,No,44,Half,Yes,Yes,61866,High
Prithvi,S1063,10,Male,63,No,No,37,Half,Yes,Yes,75807,High
Ahaan,S1064,11,Male,81,Yes,Yes,89,Yes,No,No,176507,Low
Ananya,S1065,15,Female,81,Yes,Yes,83,Yes,No,No,228668,Low
Atharv,S1066,11,Male,86,Yes,Yes,74,Yes,No,No,225971,Low
Advait,S1067,15,Male,69,No,No,40,Half,Yes,Yes,72419,High
Ira,S1068,10,Female,89,Yes,Yes,91,Yes,No,No,204802,Low
Gauri,S1069,14,Female,72,No,Yes,59,Half,Yes,No,125766,Medium
Bhuvan,S1070,12,Male,60,No,No,49,Half,Yes,Yes,64743,High
Larisa,S1071,13,Female,78,No,Yes,63,Half,No,No,98996,Medium
Utkarsh,S1072,13,Male,67,No,No,45,Half,Yes,Yes,71126,High
Aanya,S1073,13,Female,61,No,No,43,No,Yes,Yes,74387,High
Ridhi,S1074,11,Female,57,No,No,40,Half,Yes,Yes,72763,High
Aadhya,S1075,15,Female,79,No,Yes,63,Half,Yes,No,121474,Medium
Hrithik,S1076,14,Male,88,Yes,Yes,88,Yes,No,No,179297,Low
Charvi,S1077,13,Female,66,No,No,35,Half,Yes,Yes,73813,High
Janya,S1078,12,Female,64,No,No,36,Half,Yes,Yes,68266,High
Advik,S1079,15,Male,60,No,No,35,No,Yes,Yes,73044,High
Xara,S1080,10,Female,76,No,Yes,62,Half,No,No,90989,Medium
Aarav,S1081,10,Male,69,No,No,57,Half,Yes,No,93784,Medium
Kian,S1082,11,Male,78,No,Yes,64,Half,Yes,No,112175,Medium
Ridhi,S1083,10,Female,80,No,No,55,Half,Yes,No,109816,Medium
Jatin,S1084,11,Male,68,No,No,39,No,Yes,Yes,70595,High
Faiz,S1085,15,Male,98,Yes,Yes,95,Yes,No,No,228382,Low
Prisha,S1086,15,Female,80,No,No,54,Half,No,No,102450,Medium
Zeenat,S1087,12,Female,73,No,Yes,55,Half,Yes,No,104922,Medium
Hemlata,S1088,12,Female,69,No,No,60,Half,Yes,No,115977,Medium
Reyan,S1089,14,Male,63,No,No,45,Half,Yes,Yes,63004,High
Harshita,S1090,15,Female,70,No,Yes,60,Half,No,No,118980,Medium
Aadhya,S1091,11,Female,96,Yes,Yes,86,Yes,No,No,199955,Low
Myra,S1092,15,Female,98,Yes,Yes,83,Yes,No,No,184007,Low
Vansh,S1093,13,Male,96,Yes,No,93,Yes,No,No,152041,Low
Vivaan,S1094,14,Male,73,No,Yes,53,Half,Yes,No,114564,Medium
Dhruv,S1095,13,Male,76,No,Yes,64,Half,No,No,114125,Medium
Fiza,S1096,11,Female,77,No,No,61,Half,No,No,121243,Medium
Naman,S1097,15,Male,62,No,No,37,Half,Yes,Yes,76126,High
Yashvi,S1098,15,Female,94,Yes,No,96,Yes,No,No,210901,Low
Dhruv,S1099,10,Male,68,No,No,44,No,Yes,Yes,58615,High
Aarush,S1100,10,Male,75,No,No,61,Half,Yes,No,104600,Medium
Sanya,S1101,15,Female,61,No,No,49,No,Yes,Yes,69449,High
Shivansh,S1102,13,Male,89,Yes,Yes,86,Yes,No,No,155800,Low
Aarohi,S1103,12,Female,58,No,No,49,No,Yes,Yes,63963,High
Yatin,S1104,13,Male,80,Yes,Yes,75,Yes,No,No,151235,Low
Ishaan,S1105,13,Male,69,No,No,53,Half,Yes,No,111739,Medium
Qiara,S1106,13,Female,80,No,Yes,64,Half,No,No,122935,Medium
Kabir,S1107,13,Male,92,Yes,Yes,72,Yes,No,No,146023,Low
Esha,S1108,12,Female,97,Yes,Yes,78,Yes,No,No,159681,Low
Divit,S1109,13,Male,73,No,Yes,59,Half,No,No,112229,Medium
Parth,S1110,11,Male,57,No,No,40,No,Yes,Yes,69024,High
Feba,S1111,13,Female,62,No,No,48,Half,Yes,Yes,60143,High
Chitra,S1112,14,Female,95,Yes,No,88,Yes,No,No,180078,Low
Leela,S1113,13,Female,87,Yes,Yes,83,Yes,No,No,187590,Low
Jia,S1114,14,Female,72,No,No,62,Half,No,No,100975,Medium
Zaid,S1115,11,Male,61,No,No,36,No,Yes,Yes,76358,High
Vansh,S1116,11,Male,75,No,No,63,Half,No,No,104766,Medium
Eshani,S1117,12,Female,93,Yes,No,87,Yes,No,No,229094,Low
Zeenat,S1118,11,Female,80,No,No,60,Half,No,No,106128,Medium
Sahil,S1119,14,Male,93,Yes,No,81,Yes,No,No,208172,Low
Reyansh,S1120,11,Male,61,No,No,39,No,Yes,Yes,62928,High
Myra,S1121,15,Female,81,Yes,Yes,83,Yes,No,No,218398,Low
Elan,S1122,15,Male,80,Yes,Yes,80,Yes,No,No,160205,Low
Mahika,S1123,10,Female,76,No,Yes,65,Half,Yes,No,97629,Medium
Dev,S1124,14,Male,71,No,No,64,Half,No,No,120699,Medium
Gargi,S1125,15,Female,80,Yes,Yes,95,Yes,No,No,196162,Low
Eklavya,S1126,12,Male,73,No,Yes,64,Half,Yes,No,122883,Medium
Reyansh,S1127,11,Male,80,Yes,No,88,Yes,No,No,217790,Low
Aaradhya,S1128,13,Female,83,Yes,Yes,82,Yes,No,No,187301,Low
Saanvi,S1129,12,Female,93,Yes,Yes,90,Yes,No,No,189296,Low
Ira,S1130,15,Female,96,Yes,Yes,78,Yes,No,No,204631,Low
Fiza,S1131,10,Female,74,No,No,65,Half,No,No,125406,Medium
Pari,S1132,14,Female,58,No,No,37,Half,Yes,Yes,68879,High
Divit,S1133,15,Male,82,Yes,Yes,77,Yes,No,No,153467,Low
Dhruv,S1134,14,Male,87,Yes,No,82,Yes,No,No,228510,Low
Darsh,S1135,14,Male,83,Yes,No,80,Yes,No,No,162632,Low
Arnav,S1136,14,Male,63,No,No,35,No,Yes,Yes,65255,High
Gagan,S1137,13,Male,97,Yes,No,84,Yes,No,No,232257,Low
Aadhya,S1138,10,Female,74,No,Yes,55,Half,Yes,No,96014,Medium
Hiya,S1139,14,Female,85,Yes,Yes,74,Yes,No,No,220688,Low
Aditi,S1140,11,Female,76,No,No,54,Half,No,No,117431,Medium
Sanya,S1141,14,Female,61,No,No,35,Half,Yes,Yes,66178,High
Yash,S1142,15,Male,93,Yes,No,80,Yes,No,No,201897,Low
Dev,S1143,10,Male,93,Yes,Yes,78,Yes,No,No,136631,Low
Ishaan,S1144,15,Male,78,No,No,62,Half,No,No,119972,Medium
Ojas,S1145,13,Male,62,No,No,38,Half,Yes,Yes,74795,High
Harshita,S1146,14,Female,90,Yes,No,91,Yes,No,No,184219,Low
Saarthak,S1147,15,Male,78,No,Yes,65,Half,Yes,No,108423,Medium
Saarthak,S1148,10,Male,81,Yes,No,96,Yes,No,No,149957,Low
Adarsh,S1149,11,Male,73,No,No,62,Half,Yes,No,118984,Medium
Adarsh,S1150,10,Male,69,No,Yes,54,Half,No,No,125507,Medium